1000-receipt.jpg,GREEN FIELD 5305 E PACIFIC COAST HWY Long Beach CA 90804 (562) 597-0906 Server: Francis Stat ion: 3 Order #: 69923 Table: B11 Dine In Guests: 2 1 Coffee 2 Lunch 1 Coke 3.00 45.90 3.00 SUB TOTAL: Tax 1: 51.90 4.68 TOTAL: $56.58 5/26/2016 12:53:10 PM THANK YOU! 
1001-receipt.jpg,GRAND LUX-CAFE Roosevelt Field 0480 TABLE 101 #Party 3 STEPHEN R SvrCk: 4 16:43 04/25/15 Coffee Chicken Parmesan Prime Top Sirloin The Bacon-Cheese Burger Coffee 2.95 17.95 25.95 13.95 2.95 Sub Total: Tax: Sub Total: 63.75 5.50 69.25 04/25 17:42 TOTAL: 69.25 Gratuity Not Included Suggested Gratuity: 20% 18% 15% 13.85 12.47 10.39 It's been a pleasure to serve you. Thank you for dining with us 
1002-receipt.jpg,х*********************хX*X*XXXXX** For a Chance to WIN See Back of Receipt Survey Code: 0279-403-2211-1303 (Diganos en Espanol) X****X** 文 Taco Bell 017314 7230 Pendleton Pike Lawrence IN 46226 (317)541-1897 9/1/2016 Order 378752 8:35:38 PM Cashier: DAJA G 1 Power Veg Bowl No Sour Cream No Cheese 1 Rg Orange Crsh Fz 4.99 0.00 0.00 1.99 SubTotal Tax 698 0.63 Total 7.61 7.61 Visa Acct:XXXXXXXX2276 Approval:571883 DRIVE THRU Thank you for visiting! MOBILE ORDERING IS VERE DOWNLOAD THE APP %24 $500 CASH GIVEAWAY ON BACK | $500 CASH GIVEAWAY ON BACK | $500 CASH GIVE AKAY ON BACK | $5 
1003-receipt.jpg,El Gran Mar de Plata 10325 Hammocks Blvd Miami FL 33176 (305) 386-6638 Server: Kayra Stat ion: 10 Order #: 8262 Dine In Bar Tab: Bar Tab » SETTLED « 1 Miller Lite 5.00 SUB TOTAL: Sales Tax: 5.00 0.35 TOTAL: $5.35 Cash Tendered: 5.35 Balance: $0.00 » Ticket #: 35 « Created: 4/20/2017 10:13:17 PM SETTLED: 4/20/2017 10:13:25 PM THANK YOU! wly do I alenys get short Changed I gue yeu 
1004-receipt.jpg,GOLDEN BOWL TERIYAKI 8610 GARFIELD AVE. SOUTH GATE CA. 90280 TEL: (562) 928-8999 REG Manager1 MC: #01 05-18-2019 11: 19 AM 000141 ORDER# 00014 1 $9.39 $1.95 $2. 29 1 #1 CHKN PLATE 1 + AVOCADO 1 MD. DRINK >*HERE TAX TOTAL. CASH CG $1.40 $15.03 $20.00 $4.97 
1005-receipt.jpg,"SASKA'S 3768 Mission Blvd San Diego CA 92109 (858) 488-7311 Server: Sue Table 103/1 Guests: 2 Reprint #: 2 08/15/2017 5:51 PM 10005 Draft Blackhouse ""Cowboy"" 16oz Ribeye Make It Blue Add Lobster CK Manhattan (2 @5.00) Whistle Pig Rye 10yr (2 @20.00) (2)BMOD Up ""Duke"" 16oz Top Sirloin Make It Blue 7.00 45.00 5.00 21.00 10.00 40.00 34.00 5.00 Subtotal Tax 167.00 12.94 Total 179.94 Balance Due 179.94 SUGGESTED TIP BEFORE DISCOUNTS 18% =$30.06 20% = $33.40 22% =$36.74 "
1006-receipt.jpg,Akira 385 RIOW Glenmont NY 12077 618-434-8880 www.aki p.come 2018-11-18 18 s8 34 #37 PICKUP Phil QTY ITEM 1H.Chk Steak(K) Med Noodle Amt $2.00 1 Sushi Deluxe 1 Glenmont Roll 1 Philly R 2 Sp Tuna R $20.75 $15.95 $6.50 $13.00 - Salmon R Subtotal Tax Total: $5.50 $88 65 $6.93 S93.58 Unpaid *** 
1007-receipt.jpg,Katana Sushi 2818 Hewitt Ave Everett WA 98201 425-512-9361 关* Server: Michael C 05/11/18 8:47 PM Check #93 Table D2 Hamachi Collar $12.00 Mega Poke Bowl $17.00 Hamachi Sashimi $12.00 Maguro - Sashimi $11.00 Salmon Sashimi $10.00 3 Sockeye Salmon - Sashimi $36.00 Hamachi Japapeno $12.00 Salmon Collar $10.00 Escolar - Sashimi $11.00 Subtotal $131.00 Tax $12.71 Total $143.71 157.71 *** Thank You for your visit. 
1008-receipt.jpg,Dona Mercedes Restaurant 1030 1/2 San Fernando Rd San Fernando CA 91341 Vero CENTER L 1 CHicharon 3 Pupusa Queso 1 Platanos Orden 1 Diet coke 2 Quesadilla salvadorena $2.25 $6.75 $7.75 $1.50 $4.00 SUBTOTAL: $22.25 TAX: $2.22 TOTAL: $24.47 TIP SUGGESTIONS 18%: $4.40 20%: $4.89 25%: $6.12 Thank You! 
1009-receipt.jpg,LA PASTA Bella Paşta 223 Neuport Ave Pautucket RI 02861 (401) 722-6297 uuu.bellapastaristorante.com Check us put google/Facebook7yelp/Trip Advisor Server: PM BAR P 08/09/19 4:28 PH Table 21 Check #4 Steak Tip Skevers Piatto Gorgonzola Root Beer $12.99 $12.99 $2.50 Şubtotal Tax fotal $28.48 $2.28 $30.76 Check us out on Grub hub and Uber Eats for Delivery!!! Restaurant Hours Sunday 3-000n 8:00om 
1010-receipt.jpg,Friendly Red's of Windham 22 Haverhill Rd Windham NH 603-437-7251 Server: Giancarlo 104/1 Guests: 2 07/21/2018 12:56 PM 10076 Reprint #: 1 28.00 Cadillac Margarita (2 @14.00) Patron Silver 14.00 12.00 Maryland Crab Cakes Chicken Caprese Chix Parm Sandwich Bud Light (2 @3.70). 10.00 7.40 Subtotal Tax 71.40 6.43 Total 77.83 Balance Due 77.83 Join us on Facebook & 
1011-receipt.jpg,Quick 73 Smoke City Market 5242 Van Nuys BLVD Sherman Oaks CA 91401 818.855.1280 Server: Rebecca B Printed By: Rebecca B ID: 234673 #1 S1 Jun 26 15 04:55 PM $36.86 Beef Ribs Weight: 1.89 lbs @ $19.50/bs Pulled Pork Sand *Reg Creamed Corn[Small] Longhorn Mac & Cheese[sm] Chocolate Cake[Slice] Fountain Soda 1 $8.50 $0.00 $3.35 $4.20 $3.95 $2.25 1 1 1 1 1 Subtotal $59.11 $5.32 CA Sales Tax Total Wells Fargo $64.43 $64.43 Change $0.00 Thank You for Visiting Please visit our website: www.smokecitymarket.com Enjoy our BBQ? 'Like' us on facebook and Yelp Please rate us on Zagat ww.zagat com/r/smoke-city-market-van-nuy 
1012-receipt.jpg,#14 HP Pho Ga 8930 Mission Dr. #102 RosemeadCA 91770 Phone (626)288-9999 Date: Apr 01 2019 Server: Admin Bill: 59980 Time: 05:12PM Table : 14 8.00 9.00 5.25 1 Pho Ga (Small) 1 Pho Ga (Large) 1 Goi Cuon Subtotal TAX 22.25 2.11 24.36 8.90 Total S. Service Charge 40% Total $33.26 Suggested Tip : 15% (3.65) 18% (4.38) 20% (4.87) Open Time : Apr 01 2019 04:39PM Printed By : Admin Thank you for Coming ! 
1013-receipt.jpg,ALBETOS MEXICAN FOOD 11732 ARTESIA BLVD. ARTESIACA. Ph: (562) 860-2530 PHONE ORDERS WELCOME ORDER # 01029 3 ASADA TACO ATM CHARGE 8.10 0.75 SUBTOTAL TAX TOTAL TOTAL 24 8.85 $ 0.73 9.58 ATM 9.58 RECALL :636 %24 
1014-receipt.jpg,Loaded Cafe 15700 Bellflower Blvd Bellflower CA 90706 135 Nathalie Chk 2763 Feb23' 19 10:23AM Tbl 34/1 Gst 2 Dine In 2 Enchi Omelete SHREDDED BEEF 1 Open Food SHREDDED BEEG 1 Open Food 1 Hashbrowns Side 1 Hashbrowns Side 1 Coffee Hot 1 Diet Coke 25.98 3.19 3.19 2.99 2.99 2.99 2.99 SUBTOTAL TAX 10:51AM TOTAL DUE 44.32 4.21 48.53 THANK YOU FOR VISITING 
1015-receipt.jpg,HAMMOCKS TRADING COMPANY www.hammockstradingcompany.com 7285 Roswell Road. Sandy Springs Georgia 30328 770-395-9592 Nice toMeot fou ! Ref:155091 Chk:202524 3/10/2017 6:23 pm Tbl:40 Shannon 2.50 21.00 Coke Shrimp Entree Mac n Cheese French Fries BBQ & Blue Chz chips Discount:BBQ & Blue Chz -6.00 Sprite Lobster Roll 6.00 2.50 21.00 SubTotal State Tax 47.00 3.29 Total 50.29 Total Due 50.29 1/2 Priced Oysters on the Half Shell 4- 6 pm daily 
1016-receipt.jpg,Chef Wang 1902 Jericho Turnpike New Hyde Park NY 11040 Tel : 516.354.2858 Fax: 516.776.0587 [ A5 ] Dine In Server: lily 2 Person # 1022 02/02/19 02:14 PM - 03:03 PM Scallion Pancake Little Juicy Pork Buns Beef w Bak Choy (L) Hunan Beef (L) $5.25 $9.95 $8.75 $8.75 $3270 $2.82 SubTotal Sales Tax Total $35.52 Thank You Have A Nice Day 
1017-receipt.jpg,UMIX 4327 N. Expressway 77/83 956-350-8686 Brownsville TX 78521 956-543-5089 Ticket #215406 Station:1 4/24/2016 6:30:31 PM User: KRIST Sales Rep KRIST Qty Price Total Item Description 1 5. 25 5.25 100027 PARIS 100026 1 4.95 4.95 LE CLASSIQUE 10. 20 Subtotal Tax 0.84 Total 11.04 Tender: CASH 20.00 Change (CASH) -8. 96 Number of items purchased:2 
1018-receipt.jpg,L1 T1 12:49 PM YOUR GUEST NUMBER IS 12 2012-04-27 IN-N-OUT BURGER SANTA CLARA 2012-04-27 12:48 PM 176 1 262 1110 Cashier: KEVIN DU Check : 12 HAMB 2.00 W GR X L X TM Inst pro Counter-Take Out TAX 8.25% Amount Due 2.00 .17 $2.17 Cash Tender Change $3.00 $.83 THANK YOU ! L1 T1 2012-04-27 12:49 PM 
1019-receipt.jpg,Grotto Pizzeria & Tavern 2441 Van Horn Trenton MI 48183 (734) 692-4300 Server: Trintty Stat ton: 2 Order : 22037 Table: 11 Dine In Guests: 2 1 Ultra 1 Bells Draft 1 Cheese Bread 1 APPS OUT FIRST 1 Caprese 1. SALAD OUT FIRST 1 Reg Carnivore (s) Pepper Rings (s) 1 Reg Margherita (s) 2.50 5.00 6.00 0.00 7.00 0.00 12.50 10.00 SUB TOTAL: Tax 1: 43.00 2.58 TOTAL: $45.58 » Ticket t: 128 « 5/12/2017 7:48:12 PM THANK YOU! 
1020-receipt.jpg,Deccan Spice 771 Newark Avenue Jersey City Local NJ 07306 (201) 604-1772 Server: Com Station: Order #: 80110 Table: 2. Dine In Guests: 6 1 Dal Fry 1 Paneer Butter Masala 2 rice 1 Deccan Special Biryani 1 rice 10.99 12.99 3.98 14.99 1.99 Online Offer (8.99) SUB TOTAL: Tax 1: 35.95 2.98 ORDER TOTAL: 18% TIPS: 38.93 8.09 TOTAL: $47.02 7/26/2019 10:56:49 PM No returns or cancellations accepted once order is placed. Exchange only for faulty items ONLY. *************** **** 
1021-receipt.jpg,HAWWI ETHIOPIAN RESTAU 1125 QUEEN ST ALEXANDRIA VA 22314 7037179740 ORDER: Table 2 Dine In Cashier: Mosa 13-Jul-2018 8:53:47P Transaction 000016 Guest 1 26.Fish Goulash 30.Dullet $19.95 $20.95 $21.95 34. Vegetarian Dish Subtotal $62.85 $6.91 Тax Total $69.76 CREDIT CADD UT 
1022-receipt.jpg,Moonstar Restaurant 383 Gellert Blvd. Daly City CA 94015 (650) 992-2888 PAID REPRINT 1 Tab:332 1P 19:51 # 2406 QTY/LB NAME WEEKDAY DINNER $29.88 U/P PRICE 29.88 SUBTOTAL: 15% SERVICE CHARGE: Tax(8.75%): 29.88 4.48 3.01 SALES TOTAL: 32.89 TOTAL: 37.37 CASH: CHANGE 100.00 62.63 10/29/2018 19:51 THANK YOU 
1023-receipt.jpg,Thai GÜSTO Thai Gusto Restaurant 2011 Hewitt Ave Everett WA 98201 Tel. 425-252-3525 Fax. 425-252-3525 Welcome to Thai Gusto Table 4 Date: 6/16/2017 12:36 PM Server: PRACH (T.1) $7.00 $10.24 Chang (2@$3.50) #L14 Garlic Delight [Chicken] [5*****][Small Brown Rice] #L28 Red Curry [Chicken] [5*****) [Small Brown Rice] $10.24 Total 4 item(s) Sales Tax $27.48 $2.67 Grand Total $30.15 Tip Guide 15%-$4.52 18%=$5.43 20%=$6.03 Thank you very much. Come back again. - GUEST CHECK - This is not a receipt. 
1024-receipt.jpg,New Asia Buffet 14727.5 Rinaldi St. San Fernando CA 91340 Tel:(818)898-0880 WeekEnd Dinner Date: ov-15-06-N Time: 5:17PM # 84 Server : 2 Tb#: D4 No. of Guest : 1 Weeken Dinner Coke 27.96 3.16 AMOUNT : 31.12 TAX(9%) : 2.80 TOTAL : 33.92 AMERICAN EXPRESS ggested Tip (10%) : (15%) : (20%) : 3.39 5.09 6.78 THANK YOU VERY MUCH. 
1025-receipt.jpg,McDonald': es:aLrart #3100 1617 N E4STERY AVEM.E LOS ANGELES C5E3-1053 TEL# 23 254 7301 2/7/2013 03:08 PM Order 97 KS# 2 Sidel 5.99 1 Dbl Qtr Chees: Special Reque: t ADD Leaf Letti c ADD Mac Sauce 0.25 0.40 6.64 0.63 7.27 Subtotal Tax Take-Out Total Cashless Change 7.27 0.00 MER# 439206 CARD ISSUER BOW DEBIT CARD AE ****** TRANSACTION AMO AT CHIP READ AU THORIZATION CI E - 515541 SEQ# 099988 AID: AD00000004:26 7.27 McDonald's now avai ab e on JberEATS 
1026-receipt.jpg,CHRIS'S HAMBURGERS 7701 ATLANTIC AVE. CUDAHY CA. 90201 Ph(323)562-4125 DATE 07/22/2018 SUN TAXABLE T1 TAXABLE T1 TAXABLE T1 TAXABLE T1 TAXABLE T1 TAXABLE T1 TAXABLE T1 TAXABLE T1 TAXABLE T1 TAXABLE T1 TAXABLE T1 TAXI TOTAL CASH CLERK 01 TIME 19:24 $21.49 $0.50 $0.50 $0.50 $0.50 $7.89- $3.0 $5.49- $5.49 $0.99 $0.99 $4.39 $51.82 $51.82 No.00154 00 
1027-receipt.jpg,U HAWAII Longboards 92-161 Waipahe Place Kapolei HI 96707 (808) 679-4700 ctices. Tipping d unless otherw wy to acknowled 15-20%. Server: Elijah J Check: 24016 Table: 44/0 01/11/2019 12:46 PM らクます。 チッコ Dine In あり、 特に断ら 良いサービスを Price LT D Item 8.00 Green Salad Ranch Wagyu Cheeseburger Medium Well Garlic Fries ADD RAW ONIONS& BACON PLZ Drink of the Day Tea 19.00 % 20% 00 2.00 5 12.00 13.00 9.75 4.00 14.00 15.00 16.00 $42.75 Subtotal 17.00 Ohana Discount Breakfast HI HNLKO 4.712% GET -3.30 1.86 18.00 19.00 20.00 30.00 $41.31 O Total 40.00 pou moi donner un rendus et à s compris. tà votre 300 Gratuity Regu in ge en la 44.31 Total apina es incluit Wir we 
1028-receipt.jpg,DOUGLAS BURGERS 15 11325 Wasnington Blvd Whitter Calif 90605 (562) 699-7484 Check 20018 2/09/19 SAT 5:30pm T BURGER COMBO * fries *anerican che 1 radd baconss *gril onions* 1 SUB ZUCCHINI Raspberry Ice Te 1 Burger (1/4) * sesame bun **REGULAR** 1 *add bacon** 1 **add avocado** 1 MAKE SPECIAL * onions rings * lemonade * SERV.CHARGE(2%) 9.99 0.70 1.99 2.49 5.99 1.99 1.99 3.00 2.49 0.61 Sub/Tt1 Tax *DRV THRU 31.24 2.97 34.21 Cash 34.21 
1029-receipt.jpg,RINCON MEXICANO 99 BROADWAY SOMERVILLE MA 02145 6179661387 ORDER: 45 Dine In Cashier: LORENZO REYES 09-May-2017 7:19:46P 2 Arroz $3.00 $7.00 $2.00 $2.99 $2.99 $1.00 $2.99 $1.00 $2.99 $2.99 Taco De Pescado Taco Tuesday Pollo Taco D Carne Asada 1 Taco D Chorizo Taco Tuesday Pastor Horchata Taco Tuesday Pollo Taco D Cochinita Taco D Carnitas $28.95 $2.03 Subtotal Таx $30.98 Total Order ZJTOG7ZX6ANR8 2 22 - 
1030-receipt.jpg,VILLA D'ESTE RESTAURANT 186 Jericho Tpke floral park NY 11001 (516) 354-1355 Station: 6 Server: Jerry Dine In Guests: 2 Table: 3 1 Coffee 1 Glass House Wine 1 Jumbo Coctail Shriap 1 Escargot Bourguigonne 1 Veal Zingaria 1 Duck1 ing ala Arancio 3.50 9.95 12.95 10.95 23.95 25.95 SUB TOTAL: Таx 1: 87.25 7.53 TOTAL: $94.78 » Ticket #: 7 « 12/8/2017 4:44:05 PM ******** Thank you for dining at Villa D'Este Please come again soon. 
1031-receipt.jpg,木 Laurel Tavern Hermosa Beach 1220 Hermasa Beach Hermosa Beach CA 90254 Tel. 01/12/19 Waiter 80 Sophie Table 501 Cust 1 Order 1388 1:23 PM ***************************************** 1 BTL BEER 1 BRUSSELS SPROUTS 1 CANTONESE TENDERS 1 GRILLED CHEESE 1 $ ADD GARLIC FRIES 5.00 8.00 11.00 12.00 4.50 Taxable: 40.50 Sub-total: Taxes: 40.50 3.85 Total Due: 44.35 THANK YOU!!! ALWAYS DRIVE SAFELY Please visit our website: www.laureltavern.com INSTAGRAM: @laureltavern 
1032-receipt.jpg,WINGS & THINGS 1717 DUTCH BRDY ELMONT NY 11003 THANKS CALL AGAIN 516-341-7075 #168 1 MAC&CHZ - SMALL 1 COLL GRN - SMALL +1 CORN BREAD 75 WINGS SPCY FRY OUT 1.19 1.19 .62 5.75 TXTL TOTL CASH CHNG THANK YOU COME AGAIN .75 9.50 9.50 .00 PM #1 0168 20:14 #04 MAR.19 17 REGO001 
1033-receipt.jpg,8030 Renaissance Parkway Durham NC 27713 (984) 329-2900 Server: ANASTASHIA Table 57/1 Guests: 2 05/18/2019 12:25 PM 80001 15.49 Taco Salad Ground Beef Add Chicken Fajita Pechuga de Pollo 8.99 18.99 Subtotal Tax 43.47 3.26 Total 46.73 Balance Due 46.73 Ask your Server about the Uncle Julio's Loyalty Program ree to join and tons of rewards to earn! 
1034-receipt.jpg,laSource 3. e Alain Chartier 70 PARIS Caisse 2 02-On 2015 NOTE 1 PEHRIER 5.80 5.80 5.40 5.40 1 JUS ORANDE TOTAL EURO H.T TVA 10 DONT TVA 10% TOTAL TTC 10% *17.00 15.45 1.55 17.00 Tél: 0148.28.44.81 PRIX NET MERCI DE VOTRE VISITE HRS 15EME 
1035-receipt.jpg,Argonaut Diner2000 We Deliver Please Pay at Cashier 1084 Yonkers Avenue Yonkers NY 10704 (914) 237-5055 Copy of Receipt $1.45 $1.45 $5.50 $4.50 $2.95 $2.95 $2.50 $2.95 1 Coffee 1 Tea Waffle 1 Old Fashion French Toast Side Home Fries Banana Whipped Cream W/ 2 EGGS 1 1. $24.25 $2.13 Subtotal: Total: $26.38 Server Name: MIKE. Table Number: Michael De Maio NuMber Of Guests: 1 AUGUST 13 2017 : Order Started: MERICAN EXPRESS 11:01 AM 12 Comments LALL US FOR FREE DELT keו כT YOUR HOME OR OPFICET O Comment 
1036-receipt.jpg,PAPPADEAUX SEAFOOD KITCHEN Pappadeaux Seafood Kitchen (030) 1304 Copeland Rd Arlington TX 76011 (817) 543-0544 www.Pappadeaux.com 0035 Table 72 #Party 3 SARAH H DINE IN SvrCk: 2 12:11 11/18/17 1 Lump Crab & Spinach Dip 1 Cajun Combo 1 Lunch Shrimp & Andouille 15.95 18.95 13.95 48.85 3.91 52.76 52.76 Sub Total: Tax: Sub Total: 11/18 12:45 TOTAL: Thank you for dining at Pappadeaux. Tip Not Included 15% 18% 20% 7.91 9.50 10.55 e-Gift Card Payment (19 Digits) Present e-Gift Card for validation. (4 digits) 
1037-receipt.jpg,Store #1291 Panda Express Everett WA (425)710-0278 3/16/2013 Order: 177437 1 PARTY PK 18-22 3:41:24 PM Server: Tameka J 139.00 CHOW MEIN FRIED RICE FRIED/C MEIN ORANGE CKN GRILL TERIYAKI CKN PEPPERCORN SHRIMP 12.00 SubTotal 151.00 TAX 13.89 Total 164.89 Cash Change 200.00 35.11 ********** ************** *************** ***** FREE ENTREE ITEM! HE VALUE YOUR OPINION! Call 1-888-51-PANDA(72632) or Visit pandaexpress.com/guest 8 888 8 
1038-receipt.jpg,Micros Demo System Alelcome to Yogurtland 12502 North Kendall Drive Miami FL 33186 (:05) 279-3478 Sep07' 18 09:28PM Date: Card Type: VISA Acct #: Card Entry: SWIPED Trans Type: PURCHASE Trans Key: III008007193348 Auth Code: 071410 Check: Server: XXXXXXXXXXXX3862 1082 1041 melanie Tota 17.80 **NO SIGVATURE REQUIRED FOR PURCHASES UNDER $20.00** 
1039-receipt.jpg,CARL'S JR 1100375 (916) 962-3415 8105 MADISON AVE FAIR OAKS CA Register 1 Order is Tendered 12/19/2016 7:42:42 PM DriveThru #3100 / 3625 $11.38 2 Santa Fe Ckn - American Ch E Green Chile S Santa Fe Sce $0.70 Sub Total Discounts Tax Total $12.08 $0.00 $0.97 $13.05 Credit Change $13.05 $0.00 
1040-receipt.jpg,SUKHOTHAI SUKHOTHAI SUSHI + ASIAN FUSION 11735 SW 147 AVE UNIT 36 MIAMI EL 33196 7865774888 http://www.sukhothaius.com ****Order online www.sukhothaius.com**** ORDER: 0003 DINE-IN Cashier: Sergio 19-Apr-2019 2:02:26P Transaction 211209 Chicken Fried Rice And Egg Lunch $7.99 $7.99 California Tropic And Miso Lunch Add Two Tostones Sprite Perrier Sparkling Water $1.00 $2.50 $3.50 Subtotal $22.98 $1.61 $3.45 Tax Service fees on tables. Restaurant (15.0%) Total $28.04 CREDIT CARD AUTH $28.04 
1041-receipt.jpg,laSource 3. e Alain Chartier 70 PARIS Caisse 2 02-On 2015 NOTE 1 PEHRIER 5.80 5.80 5.40 5.40 1 JUS ORANDE TOTAL EURO H.T TVA 10 DONT TVA 10% TOTAL TTC 10% *17.00 15.45 1.55 17.00 Tél: 0148.28.44.81 PRIX NET MERCI DE VOTRE VISITE HRS 15EME 
1042-receipt.jpg,FAIRVIEW NJ 07022 Phone (201) 840-8428 Guests: 1 Check:832869 Date:02/11/19 Table:23 Time:07:46pm Server:DANIELA $13.95 $3.00 $19.95 1 Guaca Chicharron 2 EMPANADA 1 PARGO FRITO Ensalada Aguacate No Cebolla No Cebolla Roja 1 MAR Y CHICKEN Tostones Tostones 《会 TOGO 2 》》》》》》》》》》》》》》》》》》》》》》》》》》》》》》》》 1 SALMON A LA PLANCHA Ensalada Ensalada $17.00 $16.00 Subtotal: Void: Tax:: Sbtl w/Tax: Amt Due: $69.90 -$17.95 $3.44 $73.34 $55.39 
1043-receipt.jpg,BK SOUL FOOD & CATERING 11318 YONKERS AVE YONKERS NY MZ04 914-237-5083 June 23 2019 at 2:33 PM ORDER # 1019 Adinin WINGS (5) MAC & CHEESE YAMS SIDE (SM) x3 YAMS MAC & CHEESE COLLARD GREENS 12.50 12.00 Subtotal Tax Discount Total 24.50 2.17 000 26.67 0011477215613 
1044-receipt.jpg,CHICKEN 4717 CHURCH'S 7635 WINNETKA CANOGA PARK CA 818 576-0490 #253 1 9PC LT DR T 9.99 NET 9.99 TXTL TOTL CASH CHNG 95 10.94 11.00 .06 **** THANK YOU COME AGAIN !!! T18BETH Fae 0203-2057 #02 MAY.21'19 REGO002 
1045-receipt.jpg,YUM'S RESTAURANT Laural Bowe O Laurel MD20/08 1235 TH (301770 5002 Walk In 6/24/2018 04 19 PM Server Yu 347 Steak Creese Eng Rolls (2) 4.49 4 Wings w French f nos Mumbo sel 7.20 4 Wings w French i nes Munbu s. el Hot Sauce et 7.20 1.89 Fomemace Hall Hall Food Subtotal: 20.78 Elev Subtotal: 0.00 Food Tax: 1.25 0.00 Bev Tax: Total: 22.03 Received: 22 03 Cliange. 0.00 PAID Cash Thank You 
1046-receipt.jpg,If pays to DISCOVERwhereve you go. Araxi Burger Aventura 17861 BISCAYNE BLVD Aventura FL 33160 Server: Valerie P Check #33 03/17/19 5:39 PM Table 12 2 Vanilla Bean Classic Burger 4oz Route 66 Burger 8oz $12.00 $8.00 $14.00 10% (10.00%) - $3.40 Subtotal Service Charge (18.00%) Tax Total $30.60 $6.12 $2.14 $38.86 Powered by Toast 
1047-receipt.jpg,z90 Tavern Kitchen & Patio 730tavern.com 730 Mass Ave Cambridge MA 02139-3308 617-868-8800 62 09/23/2017 9:40 PM 30062 45757 Ver: Megan le 3/1 uests: 2 Reprint #: 1 Manhattan (3 @16.00) (3)Makers Mark Grey Goose (3 @9.50) Rocks (3 @1.00) 48.00 28.50 3.00 $85. Subtotal Tax 79.50 5.57 Total 85.07 Balance Due 85.07 SUGGESTED GRATUITY PRIOR TO DISCOUNT 22% # 17.49 20% # 15.90O 1ON 14.31 
1048-receipt.jpg,DAILY GRILL EXCELLENCE SERVED DAILY Daily Grill 2501 Colorado Ave Santa Monica CA 90404 Server: Dana Table 54/1 Guests: 2 11/01/2018 7:30 PM #20027 Coke Short Rib Diet Coke Crispy Naked Wings Rib Eye Steak Broccoli 3.65 27.95 3.65 11.95 35.75 Become a fan or write a review. Find us on Facebook Twitter & Yelp. Subtotal Tax 82.95 8.50 Total 91.45 Balance Due 91.45 Sign up @ DailyGrill.com to Receive Exclusive Offers & Promotions. 
1049-receipt.jpg,KICKIN KAJUN KAPOLEI Ka Makana Ali'i 91-5431 Kapolei Parkway Suite 426 Kapolei HI 96707 (808) 628-4771 Server: Chenay B Table: Table 2 Date: 7/18/19 5:47 PM Margarita Add Tequila Strawberry Daiquiri Add Vodca Snow Combo Kickin Sauce Mild $6.00 +$4.00 $6.00 +$4.00 $54.00 +$0.00 +$0.00 Subtotal: Total Tax: $74.00 $3.49 Total: $77.49 $38.75 Receipt Total: Suggested Gratuity Lip Total 
1050-receipt.jpg,HOLLYWOOD CAFE & SPORTS BAR AM Dining Rm ate: 09/08/2017 Time: 12:45:41 PM theck: 332114 Table: 42 overs: 2 Person#: 1 erver #: 346 Opened: 12:13:00 PM SODA CHEESE STEAK +AMERICAN CHS +FRD ONION Chix Cheesesteak 2.49 10.49 1.00 075 10.49 SUB-TOTAL Food Tax Liquor Tax Other Taxes Total Tax 25.22 1.74 0.00 0.00 1.74 TOTAL 26.96 THANK YOU! 
1051-receipt.jpg,GENERAL POOR 'S TAVERN 45 MAIN STREET HACKENSACK NJ 07601 (201)487-5882 Check#:555149 Guests: 0 Date:04/10/16 Time:12:30pm Table: Server:VERONIQUE 40 BONELESS WINGS SPEC $10.00 Subtotal: Tax:: Sbtl w/Tax: Amt Due: $10.00 $0.70 $10.70 $10.70 THANK YOU FOR CHOOSING GENERAL POOR'S!! TIM 
1052-receipt.jpg,ncy 255-41 Jericho Turnpike Floral Park NY 11001 Tel: 718.343-4616 www.nancysrestaurant.net 106 Tom Check: 1075 Table: 34-1 Guests: 2 09/24/2016 08:22PM DINE IN 1 gl Imp White 1 Blue Moon Tap Mozzarella&Tomato Pork Quesadilla Fren Onion Soup Pork Chop Hanger Sizzle 7.75 6.00 9.95 9.95 5.95 21.95 24.95 SUBTOTAL Tax TOTAL DUE 86.50 7.68 $94.18 
1053-receipt.jpg,Primo Family Restaurant 5/3/19 8:14 PM DARNIN D. Table:10 Check: 137 3 Prem Glass 07.50 1 MED Veggle 027.00 $22.50 $27.00 Sub-Total Sales Tax $49.50 $2.97 Total $02.47 Раупents MASTERCARD 5170 $52.47 Amount Due $0.00 Charge Receipt DARWIN D. Table No: 10 Check No: 137 Server: SALE 
1054-receipt.jpg,BIG JO's 1955 BROADWAY Jan 25 2018 SANTA MONICA CA 90404 11:47 AM (310) 828-3191 www.bigjosburgers.com Cash Ticket: Shirley Receipt Qlxi PICKUP $4.00 HB Regular Price $5.00 French Fries x 2 ($2.50 each) Turkey Burger $8.85 Combo HB $8.35 Combo Grilled Onion ($0.75) СВ x 2 $15.70 ($7.85 each) Combo СВ $5.00 Regular Price Grilled Onion ($0.75) Chill Fries $4.35 Subtotal $51.25 Sales Tax $5.25 Total $56.50 Cash $60.00 Change $3.50 
1055-receipt.jpg,A54 CATER! WI WINGS & THINGS 519 FULTON AVE. HEMPSTEAD NY THANKS CALL AGAIN 516-483-0936 50pc 100p 1 #7 2PC R&B MEAL 200p IN 5.99 #195 ICED TEA SUB CORNBREAD 50p 1 #3 3WING MEAL SIERRA 6.99 80p 100 1 SUB FIXN MAC&CHZ 1 #3 3WING MEAL ICED TEA 1 SUB FIXN SP RICE 1 #3 3WING MEAL ICED TEA 1 SUB FIXN MAC&CHZ 1 COLL GRN - SMALL 6.99 6.99 1.19 TXTL TOTL CASH CHNG 2.43 30.58 40.00 
1056-receipt.jpg,ZOCA RESTAURANT 98 GARFIELD PARKWAY BETHANY BEACH DE 19930 (302) 616-2120 WWW.ZOCA.RESTAURANT Check #: 5033 Server: Madi B Table: 31/2 7/30/19 7:53 PM Guests: 5 1 Flying Dog Numero Uno BTL 1 House Recipe 2 Sandia Margarita (@13.00/ea) 1 Totem Honey Bee 1 Queso Fresco Guacamole 1 Queso Fundido Mexican Street Corn Dip 1 Salsa De Molcajete 2 Taquitos Carne Asada (@15.00/ea) 1 Taquitos Baja California Shrimp 1 Mole Enchilada 1 Quesadilla Chicken 8.00 12.00 26.00 11.00 12.00 12.00 8.00 30.00 14.00 19.00 12.00 Sub-total 164.00 COMPLIMENTARY ITEM COMPS: 1 Queso Fundido Mexican Street Corn Dip -12.00 Sub-total Sales Tax TOTAL 152.00 0.00 
1057-receipt.jpg,INSE CAFE PARISIEN LARCHMONT LLC 242 N LARCHMONT BLVD LOS ANGELES CA 90004 (310) 815-8222 Dine In Server: Kimberly L. Jan 24 2019 Receipt: YWG5 10:29 AM Table: 36 Item(s) CROISSANT AUX RAISINS $4.00 Cappucino $4.75 Subtotal $8.75 Sales Tax (9.5%) $0.83 Total $9.58 Customer Copy 
1058-receipt.jpg,Cocldera BREWERY RESTAURANT ASHLAND OREGON 590 Clover Lane Ashland OR (541) 482-HOPS Server: Hope 1/1 Guests: 2 12/28/2017 7:06 PM #20071 Glass Imp Stout Ashland Amber Butter Noodles Oatmeal Stout Mahi Mahi TACO 5.00 4.75 7.00 4.75 15.00 Subtotal 36.50 1.10 Tax Total 37.60 Balance Due 37.60 Cheers from Caldera Brewery & Restaurant Please Drive Carefully WE SELL CANS BOTTLES AND GROWLERS TO GO 
1059-receipt.jpg,LANDFALL RESTAURANT APRIL TO DECEMBER 0084 Table 31 #Party 3 DWYER M SvrCk: 13 11:47a 06/10/17 Separate checks: 6-of-6 1 CUP CHOWDER 6.00 Sub Total: Tax GRAT 18 6.00 0.40 1.15 7.55 06/10 1:39PTOTAL: LUNCH & DINNER WE TAKE RESERVATIONS EST 1946 508-548-1758 
1060-receipt.jpg,1660 India Street Server: Jake Table 24/1 Guests: 2 12/17/2017 6:29 PM 20018 G1 Karma Cab Sauv G1 Douglass Green SB PKLI Green Curry Scallops PKLI Piri Piri Chicken 12.00 11.00 27.95 23.75 Subtotal Tax 74.70 6.00 Surcharge 3.75% SC* 2.80 Total 83.50 Balance Due 83.50 *3.75% SC - In support of the increases to min wage To find out why visit www.wnlhosp.com/rttd 
1061-receipt.jpg,Chili's Grill1 & Bar Puente Hills #25 17588 Castleton St City of IndustryCA 91748 Server: Jose S 33/1 Guests: 2 Order Type: Dine In 09/15/2018 1:25 PM 2060012 TRIPLE DIPPER CHICKEN WAFFLES4 12.19 11.89 Subtotal 24.08 Total Tax 2.29 Total 26.37 Balance Due 26.37 * Gratuity Guide 15% = $3.96 18% = $4.75 20% = $5.27 22% = $5.80 Want free Chips and Salsa or a drink every visit? Chilis.com/Rewards Gift Card activation is delayed by 4 hours. *********** TELL US HOW WE'RE DOING! 
1062-receipt.jpg,lañanaccis MARIANACCI'S RESTAURANT TABLE 403 CHECK 39 Roger QUESTS 4 FEB 18/17 B 19PM PREM WHITE PREM RED DIET SDA 7 UP VONG RIPIENE 9.75 Chicken Parm21.75 SCAMPI MILAN25.75 LING VONG 22.7S 1/2 PASTA SP16.75 DIET SDA 7 UP 10.75 10.75 3.75 3. 25 3.75 3.25 132.25 9.76 SUBTOT TAX TOTAL 142.01 THK YOu THE HARIACCI FARLY 
1063-receipt.jpg,Primo Family Restaurant 5/3/19 8:14 PM DARMIN D. Table:10 Check: 137 3 Pren Glass 67.50 1 MED Veggte 027.00 $22.50 $27.00 Sub-Total Sales Tex $49.50 $2.97 Total $02.47 Paynents MASTERCARO 6170 $52.47 Ancunt Due $0.00 Charge Rece ipt DARMIN O. Server: Table No: 10 
1064-receipt.jpg,3:04 PM L1 T2 YOUR GUEST NUMBER IS 25 2013-08-10 IN-N-OUT BURGER ESCONDIDO 3:02 PM 2013-08-10 247 2 480 2152 Cashier: ADAM EL Check :25 Counter-Eat In Db1Db1 NO KM 3X3 > GR S only FF FF Animal Lg Coke Med Coke ** C Shk 3.30 4.35 1.60 3.50 1.70 1.50 2.05 Counter-Eat In 18.00 TAX 8.00% Amount Due 1.44 $19.44 
1065-receipt.jpg,Taco Maria 3313 Hyland Ave. Ste C21 Costa Mesa CA 92626 714 538 8444 www.tacomaria.com Order# 118888 Server: Jesa R Table: Bar 7 Date: 1/23/18 12:16 PM Chicken Pescado Arrachera solo $15.00 $18.00 $9.50 Subtotal: Total Tax: $42.50 $3.29 Total: $45.79 Order Balance due: $45.79 18.00% of sale: 20.00% of sale: 22.00% of sale: Suggested Gratuity Tip $7.65 = $8.50 = $9.35 = Total $53.44 $54.29 $55.14 %31 
1066-receipt.jpg,RISTORANTE BELLAGIO (CO) TELEFONO 031/951888 TAV. SALA UNICA 14/07/2019 COPERTI 4 16:23 4 COPERTO 2 ACQUA NAT 1 SALMERINO PIASTRA 1 TRENETTE AL PESTO 1 SPAGHETTI POM. BASILICO 1 FETTUCCINE RAGU' 1 PATATINE FRITTE 12.00 8.00 18.00 13.00 10.00 15.00 6.00 TOTALE 82.00 MANCIA/TIP ...... Prego ritirare il documento fiscale alla cassa 
1067-receipt.jpg,Anjappar Chettinad Artesia 18128 Pioneer Blvd Artesia Ca 90701 (562) 991-1801 www.anjapparla.com Anjappar Artesia Order #004-864 Ticket #35 Dine In Table #C16 Seat: 1 Server: Deepthi R Device #1 Seat #1 1 Ghee Dosa Kid is waiting 1 Anjappar Mutton Meals 1 Kaldosa 1 Plain Dosa 7.95 14.95 6.95 6.95 Sub Total: 36.80 3.50 Тax 1: Total: 40.30 
1068-receipt.jpg,eugene Cafe Eugene 1175 Solano Avenue Albany CA 94706 510-647-9999 ww.cafeeuoene com Table: Table 10 Date: 4/10/16 9:08 AM Pork Pancakes Side Bacon $17.00 $12.00 $4.00 $6.00 2 Regular $3.00 each Subtotal: otal Tax: $39.00 $3.90 al: $42.90 
1069-receipt.jpg,Regullye FAMILY RISTAURAN River Village Family Restaurant 22825 Huron Ri ver Dr RockwoodMI 48173 (734)236-4033 Server: Jasmine G Check #7 08/12/19 8:02 AM Table 23 Apple French Toast Coffee $7.99 $2.29 Subtotal Tax Total $10.28 $0.62 $10.90 2.99 early bird breakfast special Monday- Friday 7am - Bam River village kayaking now open Sunday-Thursday 7:00am-8:00pm Friday/Saturday 7:00am-9:00pm Pay at the cash register Thank you!! 
1070-receipt.jpg,Mr. M's Hot Wings & Things Inc 886 N. Garfield Ave Montebello CA 90640 (323) 477-1345 Server: Jose Station: 8 Dine In Table: 1 Guests: 1 1 Ribeye Steak Lunch 10 > med-rare 10.00 SUB TOTAL: Tax: 10.00 0.95 TOTAL: $10.95 » Ticket #: 32 « 6/28/2019 2:16:34 PM ************************ *********** 10% Gratuity = $1.00 15% Gratuity = $1.50 20% Gratuity = $2.00 ****** ******** 
1071-receipt.jpg,********K******************************** Trinity Restaurant 190 Jericho Tpke Floral Park NY 11001 Tel. (516) 358-5584 Order 217510 02/18/17 10:20 PM Check 101244 Table 15 Cust. 2 Server 21 Kelly Bowe ********** ***************** 1 Quesadilla 1 Pot Roast 1 Fish An Chips 1 Side Salad 1 Dft Shock top 2 Dft Guiness 11.00 18.00 16.00 4.00 5.50 15.00 Taxable: 69.50 Sub-total: Tax: 69.50 6.00 Total Due: 75. 50 RICAN EXPRESS We Welcome American Express Cardis 
1072-receipt.jpg,OHANA HAWAIIAN BBQ 4469 SLAUSON AVE Maywood CA 90270 (323) 771-9888 Server: karla Station: 3 Order #: 65193 Dine In >> SETTLED << 1 1/2 AND 1/2 COMBO FRIED SHRIMP SHORT RIB 1 1/2 AND 1/2 COMBO BBQ BEEF FRIED SHRIMP 2 FOUNTAIN MEDIUM 8.45 7.95 3.50 Bar Subtotal: Food Subtotal: Tax 1: 0.00 19.90 1.79 AMOUNT DUE: $21.69 Cash Tendered: 22.00 CHANGE: -0.31 > Ticket #: 94 « Created: 6/1/2013 7:43:46 PM SETTLED: 6/1/2013 7:44:18 PM THANK YOU! 
1073-receipt.jpg,"Subway#44969-0 Phone 626-565-9999 625 S Fair OakS Ave Pasadena CA 91105 Served by: 41 5/1/2019 2:25:37 pa Term 1D-Transt 1/A-297424 Qty Size Item Price 1 #SMS $11.99 Any 2 FtLong 11.99 1 12"" -Steak & Cnse Sub 1 12 -B.H.T. Sua 11.99 1.23 13.22 13.22 0.00 Sub Total Sales Tex (10.25X) Total (Eat In) Credit Card Change Approval No: 051140 Reference No: 912121113552 Card Issuer: Visa Account No: * 0002 Acqutred: Contact EV Anount: $13.22 Application: CHASE VISA AID: A0000000031010 TVR: 0080008000 TSI: EBO0 Dete/Time: 5/1/2019 2:25:37 PM CUSTOMER COPY "
1074-receipt.jpg,## 0270 Lin Buffet 2988 N. Expressway BrownsvilleTX Phone(956)544-6600 Time: 03:22PM Date: Feb 24 2019 Server: Kenya Judith Bill: 0270 # Guest: 1 27.18 3.98 2 Weekend Buffet Drink 31.16 2.57 Subtotal Sales Tax Total 33.73 Visa 33.73 Beverages Food 3.98 27.18 Open Time : Feb 24 2019 03:22PM 
1075-receipt.jpg,SmokeBoxBBQ 2361 Whitney Ave Hamden CT 06518 203 909 6545 ORDER# 39 1 GUESTS CASHIER 5/22/2014 2:00:48 PM 1 FXN DIET BIRCH 1 FULL BOX 1.50 12.00 13.50 0.86 SUBTOTAL: TAX: SERVER TOTAL: T#0000074 $14.36 Cash Change 20.00 5.64 CLOSED 5/22/2014 2:02:00 PM THANK YOU!! 
1076-receipt.jpg,Paradise Restaurant 889 W. 190th Street Los Angeles CA 90248 ph 310-324-4800 Our Family Thanks You Travel Safely www.paradisedine.com TABLE: Kae #31 - 1 Guest Your Server was Kael 7/21/2018 10:03:14 PM - ID #: 0375509 Subtotal Total Taxes Automatic Gratuity $20.00 $2.18 $3.60 Grand Total $25.78 Credit Purchase 
1077-receipt.jpg,NAANCHING 103 MONTGOMERRY ST JERSEY CITY NJ 07302 2019840709 ORDER: SECOND FLOOR 19 Dine-in Cashier: Kiran 24-Mar 2019 7:14:55P Chicken Lollipop $9.00 Med $0.00 1 $12.00 Vegetables $0.00 Med $0.00 Thai Fried Rice $16.00 MILD PLEASE 1 Chicken Tikka Masala $3.00 $12.00 Naan Vegetable Biryani MAKE IT MILD PLEASE Mango Lassi $4.00 $56.00 $3.71 $10.08 Subtotal Tax Service Charge (18.0%) Total $69.79 
1078-receipt.jpg,Tay Ho Oakland Elegant Vietnamese Cuisine Follow us on Instagram & Facebook @tayhooakland #tayhooakland Please help us going Green & Save our resources! Please ask for Credit Card Receipt if you'd like one printed for your record... Order# 142750 Table: Table - 7 Date: 2/19/19 1:20 PM # 19-D.B.B.V. Special Combo Pho $12.95 Subtotal: Total Tax: $12.95 $1.23 Total: $14.18 Order Balance due: $14.18 Suggested Gratuity Tip $2.33 = $2.59 = Total $16.51 $16.77 18.00% of sale: 20.00% of sale: 
1079-receipt.jpg,Falmoath RAN BAR FALMOUTH RAW BAR 56 Scranton Ave. Falmouth MA 02540 (508) 548-7729 Check 5738/1 07/02/18-A 5 6:28pm 33 Guests Abby Table 1..6 Oysters 1..Fish and Chips 3..MONSTAH rol1 1..Chicken Wings 3..*Patron 2..*Sparkling Wine 1..*Open Liquor I patron double (*Item shown with tax included) 19.00 22.00 114.00 12.00 28.50 22.00 6.00 219.81 15.38 Items town/MA tax TOTAL 235.19 AMERICAN EXPRESS 
1080-receipt.jpg,Server 0741060 Table Guests Date APF SOUPISAL-ENTREE-VEG POT-DESSERT-BEV Newark Buffet 35201 Newark Blvd. #W Newark CA 94560 510-818-1136 http://www.newarkbuffet.com 05:25 PM 06/29/2019 Server: Tim-11 Tab B11 jP QTY NAME U/P PRICE WEEKEND DINNER BUFFET 19.99 39.98 WEEKEND DINNER KIDS (3-5Y) WEEKEND DINNER KIDS (6-10Y) 1 7.99 SODA DRINK WEEKEND SENIOR DINNER 10.00 7.96 18.09 4 1.99 1 SUBTOTAL: 84.02 8.20 Tax(9.75%): TOTAL: 92.22 (: Thank You! :) Please Come Again. 
1081-receipt.jpg,BRASAS RESTAURANT 6011 W ROOSEVELT RD CICERO IL 60804 7087127173 Cashier: Tany 02-Mar-2019 12:53:48P $6.50 $0.00 MD $2.00 1 Chicken Torta 1 Horchata Custom Item $0.50 $9.00 $0.97 Subtotal Tax Total $9.97 Order T237THOQOT7RC Online: https://clover.com/r/T237TH0QOT7RC 
1082-receipt.jpg,SURATI FARSAN MART 11814 186TH STREET ARTESIA CA 90701 562-860-2310 WWW.SURATIFARSAN.COM 16 Daksh D Chk 45 14 Gst 0 Aug08 19 07:33PM 1 Chole Samosa *** TO GO *** XXXXXXXXXXXX8402 VISA 5.99 6.56 FOOD TAX PAYMENT 5.99 0.57 6.56 -16 Check Closed--- ---Aug08' 19 07:34PM-- Thank You for your business Free ground shipping on orders of 7lbs WWW.SURATIFARSAN.COM or more... 
1083-receipt.jpg,CO RESTAURANTS INC. King T aco # 30 Exquisitamente….. la Mexicana a ******** ************** ========== 1 SOPE ASADA 3.10 CON TODO COPA S.ROJA 1 TACO ASADA CON CEBOLLA COPA S.ROJA 1.59 1 TACO PASTOR NO CEBOLLA 1.59 COPA S.ROJA 1 QUESADILLA ASADA 1 ORDEN CHIPS 4.89 1.50 Sub/Tt1 Таx 8.75% TO-GO 12.67 1.11 13.78 VISA 13.78 Acct: XXXXXXXXXXXX6381 Auth: 042402 Trans ID: 274999 3/17/17 Cashier 12875 CYNTHIA Terminal 01 NUMERO DE ORDEN 11:24pm RECIBO # 10368 154 *** Muchas Gracias por su visita! 
1084-receipt.jpg,Trattoria Saporito 328 Washingtonstreet Hoboken NJ 07030 201-533-1801 TABLE # 4 CHECK# 27273 DATE/TIME: 7/1/2018 5:53:48 PM SERVER: Gastone STATION: 01 Item Count: 4 1 STUFFED ARTICHOKE* CCC222 1 BK FETT AL PORCINI * 1 COSTOLETTE/ALLA/PAP* | BROCCOLI RABE W/ GA* 1 ESPRESSO* 1 DBLD ESPRESSO* $18.00 $36.00 $42.00 $10.50 $3.75 $7.50 Subtotal Tax $117.75 $8.24 GRAND TOTAL $125.99 Opened: 7/1/2018 5:53:48 PM %24 
1085-receipt.jpg,Pita Pita - Lonbard 211 E Roosevelt Rd Lombard IL 60148 Phone: http://eatpitapita.com/default/ Ord #78 To Go Empl:Mohammad H. 5/4/2017 4:10 PM 20 Mixed Meat Lunch 1 Reg 12pc Falafel 1 Reg 12pc Falafel 1 Miscelanceous 180.00 6.50 6.50 20.00 Subtotal Tax Total 213.00 15.92 228.92 Visa 8414 Payment 228.92 Tip Total *** Guest Copy *** Jennifer P: 
1086-receipt.jpg,Calagero's Calogero's 919 Franklin Ave. Garden City NY 11530 516-2942922 Table 137017 4/20/2018 8:29 PM #2 Serv: Manager 2 # Cust:4 Trans #: Quan Descript Cost 1 Shrimp Scampi 2 Chicken Milanese 1 Veal Milanese 3 Grey Goose 1 Pineapple Juice 1 Belvedere 1 Becks Non Alcoholic 1 Corona 1 Comp Item $27.00 $46.00 $27.00 $30.00 $3.00 $12.00 $6.00 $6.00 ($12.00) Net Total: $145.00 Tax $12.51 TOTAL: $157.51 Amount Due: $157. 51 FOLLOW US ON FACEBOOK AND INSTAGRAM Acalogeroego 
1087-receipt.jpg,FNoches De Colombia 204 JERICHO TURNPIKE KINEOLA NY 11501 (516)747-0861 Check:500592 Date:07/09/19 Time:09:22am Table: Guests: 0 Server:Enely 1 Chicharron 1 Maduros $6.00 $3.95 Subtotal: Tax:: Sbtl w/Tax: Ant Due: $9.95 $0.86 $10.81 $10.81 
1088-receipt.jpg,MOOYAH Burgers Fries & Shakes #199 6121 NW Cache Rd Lawton OK 73505 580-699-5200 416 Table 39416 Trans #: 3/22/2014 11:44 AM Q# 1 Serv: Petra # Cust: 1 Quan Descript Cost ===== $2.99 $4.99 $0.70 1 Little M00 Shake 1 MOOYAH Burger 1 MOOYAH American Cheese 3 >MOOYAH Sauce 1 >Lettuce 1 >Pickles 1 >Fried Onion Strings 1 Regular Fries $3.29 Net Total: Tax: $11.97 $1.06 TOTAL: $13.03 Food: $8.98 Beverage: $2.99 CASH $13.03 Get FREE Small French Fries! Take our 1-minute survey Within 72 hours MOOYAH.com/survey 
1089-receipt.jpg,Firepoint Gril 3739 West Chester Pike Newtown Square PA 19013 484-428-3093 Server: Wil1 53/1 Guests: 2 12/07/2016 6:53 PM #90024 Reprint #: 1 Order Type: Send Area: Dining 23. 00 Makers Mark (2 @11.50) As Old Fashioned Side Caesar Chicken & Rib Combo Woodford Reserve (2 @12.00) On the Rocks Frisee Salad 6.00 29.00 24.00 Poached Shrimp Cocktail NY Stip 8oz 10.00 17.50 28. 00 Complete Subtotal 137.50 Subtotal 137.50 Total Tax 5.43 Total 142.93 Balance Due 142. 93 THANK YOU Visit us Online at WWw. FirepointGrill.com 
1090-receipt.jpg,FIVE GUYS STORE # CA-1661 2640 Reynolds Ranch Pkwy - Ste 140 Lodi CA 95240 Phone (209) 333-9750 1:00:17 PM 5/25/2017 Order Id: AAAP2F9WAEBP 47 - FIVE GUYS Employee: Robert C 47 $5. 19 $0.00 $0.00 $0.00 $0.00 $0.00 $0.00 $0.00 $0.00 $11.58 $2.9 $7.8 $0.00 $0.00 $0.00 $0.00 $2.70 1 Little Hamburger Lettuce Pickles Tomatoes Grilled Onions Grilled Mushrooms Mustard Ketchup Jalapeno Peppers 2 Large Fry (85.79) 1 Large Soda 1 Cheeseburger Mayo Lettuce Pickles BBQ Sauce 1 Regular Soda Sub Total $30.31 Sales Tax Order Total $2.35 $32.66 MasterCard Card#: ************2931 Authorization: 72876Z $32.66 --> Order Closed <-- ******** ***** ******** Don't throw away your receipt!!! Help Five Guys and you could win! Log online to Www.fiveguys.com/survey and fill out a brief survey! 10 lucky people will win a Five Guys Gift Card each month wor th $25 each! No purchase necessary Sweepstakes ends 12/31/2017. Must be at least 18 years old and submit survey within 30 days of the receipt date to enter. Please visit ww.fiveguys.com/survey for Official Rules and how to enter without making a purchase or completing a survey. Void where prohibited. 本** ********** 
1091-receipt.jpg,CITY TASTE 930 WAYNE AVE. #100 SILVER SPRING MD 20910 TEL:301-585-1111 Dine In Date: 05-11-2018 Time: 8:03PM # 90 Server: BOSS TAB#: A06 No. of Guest : 2 1 Philadelphia Roll 4.85 1 13. Shrimp Tempura Roll [Roll] 4.25 1 Rich/Famous Roll 4.85 1 16. Spicy Salmon Roll [Roll] 1 Veg / Tofu Pad Thai Spicy 4.25 8.95 Amount : 27.15 TAX(6%) : 1.63 TOTAL : 28.78 THANK YOU VERY MUCH. 
1092-receipt.jpg,Kaiseki Japanese Cuisine ZWest Merrick Rd. Valley Steam NY 11580 Tel:(516)561-3556 Dine_In 07/28/18 03:42 PM A3 20 Server: MANDY Guest 2 Sushi Dinner 18.95 w.Miso Soup Lady Gaga 13.95 Ginger Ale 2.00 Fried Cheese Cake 4.95 Subtotal: 39.85 Tax: 3.45 Total: 43.30 Recommended Tips: 15%=$5.98 18%=$7.17 20%=$7.97 Thank You 
1093-receipt.jpg,POPEYE'S 11538 201-885-2085 CARRY-OUT SUN JUN 24 20:49:53 2018 # 150 Server #: 8325 1 #5 5 WING COMBO > SPICY REG CAJ FRIES СОКЕ 1 #6 3 TENDER ML REG MACHEESE СОКЕ 1 #6 3 TENDER ML REG CAJ FRIES COKE 1 #11/ POP SHRMP/COMBO REG CAJ FRIES СОКЕ TAX A 150 Total D1-4 9.99 8.69 8.69 8.49 2.37 38.23 38.23 0.00 CREDIT CHANGE THANK YOU FOR OTOD 
1094-receipt.jpg,POKEATERY Pokeatery CV 18911 Lake Chabot December 29 2018 Road 2:01 PM Castro Valley CA Ramelle 94546 Receipt: 3zCW Authorization: 060071 CHASE VISA AID AO 00 00 00 03 10 10 Poke Box $13.50 Regular Avocado ($1.00) $13.50 $1.25 $1.48 Subtotal Castro Valley Sales Tax Tip Total $16.23 Visa 0642 (Chip) $16.23 
1095-receipt.jpg,Golden Coin 94-450 Ukee St Waipahu HI 96797 (808) 848-0802 Server: Charito Station: 1 Order #: 6879 Take Out » SETTLED « 1 Plt Lunch 2 Choices BBQ PINAPAITAN 9.79 Bar Subtotal: Food Subtotal: Tax 1: 0.00 9.79 0.46 TOTAL: $10.25 Cash Tendered 15.00 
1096-receipt.jpg,"223 N. Citrus Ave OE Covina CA 91723 (626) 339-9496 Check:208774 Table:BAR9 Server:Ryan 09/25/18 08:44pm [Seat 1]- 2 Bohemia Tall 1 Albondigas 1 Mole $16.00 $9.95 $16.95 $42.90 $4.08 $46.98 $46.98 Subtotal: Tax:: Sub w/Tax: Total: ""Thank-You! We look forward to seeing you aga in. %D "
1097-receipt.jpg,losgea no ldinogelb tas nlaeuons EL POLLO LOCO RESTAURANT 5451 STORE 5451 7519 S. ATLANTIC AVE. CUDAHYCA 90201 323-560-0758 MA 257 LIDIA H Chk 1924 Jun28'17 05:36P Gst 0 BROM RO 2 0 Drive Thru 1 Burrito Cmb Chk Ranchero Bur ADD Avo Slcs Ind Chips SM DRINK Coke 2 Bur-BRC @ 1.89 oe Cash 8.28 mittiw) 3.78 13.25 Food Tax Payment Change Due ---257 Check Closed-- -Jun28' 17 05:38PM- Coubjere on 1.06 13.12 0.13 12.06 noltsbilisvo Your Order: 1924 
1098-receipt.jpg,Nick's Tuscan Grill 149 Mineola Blvd Mineola NY 11501 516-747-2545 www.nickstuscangrill.com Minimum Credit/Debit Payment $20 907 Victor V Tbl 12/1 Gst 2 Mar18'18 10:54AM Bar FUSSILLI SP 1 Open Food 1 Ossobuco 1 Diet Coke 1 G 14 Hands Cab 22.00 28.00 2.50 10.00 Subtotal Tax Total 62.50 5.39 67.89 Minimum Credit/Debit Payment $20 Thank you for joining us today. 
1099-receipt.jpg,Mexican Restaurant & Bar 25 West San Fernando St. San Jose CA 95113 (408) 283-9595 Server: Pablo Table 40/1 Guests: 3 Reprint #: 1 12/29/2017 1:17 PM 30001 Coffee Enmoladas with Meat pollo Chicken Tenders Flautas Chicken Coloradito 3.25 14.95 5.95 9.95 15.95 Subtotal Tax 50.05 5.46 Total Gratuity 18.00% Total 55.51 9.01 64.52 Balance Due 64.52 !! Become a friend of us on FACEBOOK to receive news of events & special offers !! !! THANK YOU FOR COMING !! 
1100-receipt.jpg,O.... ***** DUPLICATE 林 BILLA M ** O.... Stony 16725 Stony Plain Rd Edmonton AB T5P 4A9 Store#: 3859 Tel#: 780-414-8362 We Icome to all day breakfast O Mc Dona ld's 192 KS# 1 03/10/2018 07:39:12 PM QTY ITEM 1 Delivery 1 10 MCNuggets EVM 1 Barbeque Sauce 1 Barbeque Sauce 1 L Coke 1 M French Fries 1 HM GrChs S-Fry Yog 1 Snoopy 1 HM Apple Juice 16 Cookies 6 Choc Chip Cookie 1 Baked Apple Pie 1 L French Fries 1 L Iced Tea TOTAL 0.00 10.29 0.40 3.99 2.89 1.19 3.29 2.99 Subtotal GST Take-Out Total 25.04 1.11 26.15 CREDIT SALES - McDelivery Change 26.15 0.00 GST #: 120907092 SALE #04kdfwg532 THIS OVERI A PLEASE TURN THIS OVERI A EASE TURN THIS OVERI A PLEASE TURN THIS OVERI A PLEASE TURN THIS OVERI 
1101-receipt.jpg,KAZ RAMEN 22413 BARTON ROAD GRAND TERRACE CA 92313 994229532 ORDER: T4G1 DINE IN Cashier: Mickey 04-Nov-2018 9:07:13P Guest 1 Tonkotsu $9.50 Tofu $0.00 Egg $1.30 Corn $0.50 Bamboo shoots $1.00 Naruto $0.75 Spicy $0.00 1 Subtotal $13.05 $1.01 Tax Total $14.06 Order 4AW465DENMVRT. 
1102-receipt.jpg,(OM OM INDIAN FOOD 204 Spring St New York NY 10012 (646) 756-4000 (646) 657-0514 (Fax) TABLE T1 ORDER #2 2 Guests Invoice #2143 4/15/16 12:03:14 PM Manoj 1 Vegetable Biryani 1 Malai Kofta $12.95 $12.95 $3.95 1 Onion Naan SUBTOTAL : $29.85 -$14.93 LUNCH DISCOUNT 50% OFF : TAX: $1.32 $16.24 TOTAL : You have saved: $14.93 
1103-receipt.jpg,Crisfield seafood Restaurant 8012 Georgia Ave. Silver Sping MD20910 (301) 589-1306 DENIS ORDER# 134 Carryout 12/29/2017 8:38:16 PM 8. GUESTS 1 TAKE OUT Dinner Platters 1 Crisfield Special Platter COOK MEDIUM 27.00 **** **** Extras 1 Pint Bisque 11.50 SUBTOTAL: 38.50 Carry Out TAX: 1.93 2.31 T#0000144 Register TOTAL: $42.74 Last Serviced 12/29/2017 8:41:08 PM Thank You! 
1104-receipt.jpg,Don Juan Mexican Restaurant 124 East Park Ave Long Beach NY 11561 (516) 442-4944 Server: Regina Station: 4 Order #: 28731 Table: 1 Dine In Guests: 2 2 Red Sangria Glass 1 #4-COMBO FAJITAS Flour Tortilla Chicken Shrimp Steak 1 # 34-BURRITO SUPREME w/ Beef 14.00 22.95 14.95 Bar Subtotal: Food Subtotal: NY State: 14.00 37.90 A48 TOTAL: $56.38 » Ticket #: 23 « 11/6/2013 8:14:53 PN Gracias THANK YOU! 
1105-receipt.jpg,"thank THE PLACE 2 BE The Place 2 Be ""you 615 Franklin Ave Hartford CT 06114 8609047891 https://www.Place2BeCT.com JOIN US FOR BOTTOMLESS BRUNCH EVERY SATURDAY & SUNDAY $15 BOTTOMLESS MIMOSAS ******* ******* ORDER: Table 17 Dine-In Cashier: Mariah 17-Feb-2018 9:41:47A Guest 1 1 American Coffee Nutella Coconut Pancakes $1.75 $8.00 Guest 2 American Coffee 1 Cheddar Grits $1.75 $10.00 Subtotal Таx $21.50 $1.37 Total $22.87 "
1106-receipt.jpg,Lan Sheng 209 Paterson Ave. Wallington N. J. 07057 Tel : 973.773.7100 Fax : 973773.7101 [ B2 ] Dine In # 1011 Server: Mary 2 Person 06/13/17 08:38 PM 09:17 P 1 Spicy Chicken w. Spicy Garli $7.95 c Soy V. Hf- Peking Duck 1 $18.95 $15.95 $12.95 $1.50 1 Stir Beef Fillet w. Tofu Pork w. Spicy Capsicum 1 White Rice (S) Pork w. Spicy Tofu & Cayen $12.95 ne Chili 1 Sub Total $70.25 Sales Tax $4.90 Total $75.15 Thank You Have A Nice Day 
1107-receipt.jpg,MIKUNI JAPANESE 4323 Hazel Avenue Fair Oaks CA 95628 (916) 961-2112 1070 David 0 Tbl 42/1 Chk 3905 Jul16'17 08:15PM Gst 2 1 Mojito Pitcher Original w/ 18.00 2 Glass 1 Brussel Sprouts 1 Pepperfin 1 Spicy Drm 1 Red 1 Aerojet 1 Tommy 2 Chu Toro 1 Daikon Hamachi 1 Garlic Salmon 6.50 14.50 14.50 14.95 17.95 19.00 14.50 14.00 Subtotal Tax 133.90 10.38 144.28 Total Due 
1108-receipt.jpg,Go Mongo BBQ 6661 Stanford Ranch Rd. Rocklin CA 95677 916-632-8828 mongo-042441 Jan 28 2018 5:48:07 PM Receipt: Date: Served by: Manager Item Price Qty Value $10.99 x4 $47.15 $4.91 BBQ Dinner beverage $2.29 x2 Items count: 6 Subtotal: $48.54 $3.52 CA Tax 7.254: Total $52.06 Cash Tendered: $52.06 $0.00 Change: 
1109-receipt.jpg,BreadFish Cafe 15848 Halliburton Rd Hacienda Heights CA 91745 Tel:(626)937-6555 Table: A2 Guests: 2 Server: linda Dine In#:137 Date: 06/14/2017 18:38:46 SQ# 10038 $4.39 []盐酥鸡 (辣mild ) Fopcom Chicken (Spicy  mild ) $6.75 [1]控肉饭 Eraisec Beef flee/Noodle $6.25 [1]鸡丝凉面 Cold Noodle With Chicken $7.95 [1牛肉面 Beef Noodles Amount: $25.34 Tax Rate:(9.00%): $2.28 Sub-Total: $27.62 -----TIP GUIDE----- 15% = $3.80 18% = $4.56 20% = $5.07 Thank You Very Muchl 
1110-receipt.jpg,Chelokababi 1236 S Wolfe Rd Aug 18 2018 6:35 PM Sunnyvale CA 94086 (408) 737-1222 Server chelokababi.com Ticket: D2 FOR HERE Koobideh x 7 $115.50 ($16.50 each) Well Done Very well done $8.95 Nan-O-Sabzi 18% Gratuity Thanks:) $22.40 Subtotal $146.85 Sales Tax $13.22 Total $160.07 Merci! Thank you very much! 
1111-receipt.jpg,Place Your Card Here COMMANDER'S PALACE 1427 WASHINGTON AVE. NEW ORLEANS LA. 000 Table 522 #Party 2 LAURA D SvrCk: 1 11:23a 03/12/19 1 25/ CP up 1 25/COSMO up 1 SOUP DJ 1 TURTLE 1 CATFISH 1 TOSTADA 0.25 0.25 0.00 0.00 22.00 18.00 0.25 0.25 9.50 1 25/GIN up 1 25/ RAY up 1 SOUFFLE/ALA Sub Total: 50.50 Tax: 5.45 55.95 03/12 12:31PTOTAL: Thank You - - - Now streaming on NETFLIX! Ella Brennan: Commanding the Table Ask your server for details. 
1112-receipt.jpg,COLUMBUS RESTAURANT 736 OCEAN DRIVE MIAMI BEACH FL 33139 TEL: 786-275-6944 TABLE 91 5 GUESTS Gust avo 2 FBD BLUE MARGARI 1 CHEESE BURGER 1 CHICKEN MARSALA TAX and SERVICE Det ail 55.00 110.00 1 14.50 1 18.50 1 Total 153.01 2.86 28.60 TF ARTICLES 143.00 Tax 10.01 SALES TAX 77. RESORT TAX27 SERVICE20% TOTAL 184.47 SATURDAY 01-27-2018 03:59PM Key 12-Waitr: 12-POS 1-BILL 010023 PLEASE RATE US SO WE CAN BETTER SERUE 1 2 3 4 5 6 7 8 FOOD: SERVICE: AMBIANCE: NAME : 10 1 2 3 4 5 6 7 8 9 1 2 3 4 5 6 7 9 
1113-receipt.jpg,Golden Panda Buffet 14428 Ramona Blvd. #70 Baldwin Park CA 91706 Tel: 626-337-5666 Station: 1 6/02/2018 04:18:31 PM Cashier: 010 Invoice #68554 T# hot food Adult Dinner 23.98 3.38 Soda 27.36 Subtotal 2.60 Tax Grand Total 29.96 29.96 Amount Tendered 29.96 Debit Card sale Thank you very much. Order # 152 
1114-receipt.jpg,laSource 3. e Alain Chartier 70 PARIS Caisse 2 02-On 2015 NOTE 1 PEHRIER 5.80 5.80 5.40 5.40 1 JUS ORANDE TOTAL EURO H.T TVA 10 DONT TVA 10% TOTAL TTC 10% *17.00 15.45 1.55 17.00 Tél: 0148.28.44.81 PRIX NET MERCI DE VOTRE VISITE HRS 15EME 
1115-receipt.jpg,Rosebud on Rush 720 North Rush Street Chicago IL 312-266-6444 Jul15'17 04:07PM Date: Card Type: Visa Acct #: XXXXXXXXXXXX3426 Card Entry: SWIPED Trans Type: PURCHASE Trans Key: GIGO05625257729 Auth Code: 190275 Check: Table: Server: 1738 81/1 226 Chelsea Subtotal: 79.17 TIP TOTAL SIGNATURE THIS IS ROSEBUD'S COPY AMERICAN EXPRESS Thank You! 
1116-receipt.jpg,Villeggio GRILLE Villaggio Grille 4780 Wharf Parkway Orange Beach AL 36561 PHONE: 251-224-6510 Order 9862 06/08/19 11:45 AM Table 14 Cust 3 Server 156 JAMIE 1 P-VILLAGIO BREEZE 1 ADD SALAD 1 LUNCH SEAFOOD PASTA 1 KID PEPERONI PIZZA 1 KID ALFREDO 0.01 3.00 14.00 7.00 7.00 Sub-total: 31.01 Tax: 3.11 Total Due: 34.12 
1117-receipt.jpg,KOBE JAPANESE STEAK 69838 HIGHWAY 111 RANCHO MIRAGE CA. 92270-2837 760-324-1717 Server ID: 1 Sale VISA Entry Method: Chip 158.07 Amount:$ Tip: 100 B07 Total: 02/22/19 Inv #: 000061 Apprud: Online 20:31-12 Appr Code: B39001 VISA DEBIT AID: A00000031010 TVR: 80 80 00 80 00 TSI: 68 00 Customer Copy 
1118-receipt.jpg,Wendy's Restaurant #00003675 401 Bergan St Harrison NJ 07029 (973) 483-8704 #3264 Host: JULIANA #3264 03/18/207 8:48PM 40103 Order Type: PUM Veggie Sandwich NO American Cheese NO Mayo Small Fries Plain Potato ADD Chives 1.89 1279 Total Items 3 Tax PUW Total 4.99 Balance Due $499 How was your visit? Call us at 888-624-8140 22 WICH OR FULL-SIZE SALAD ZE SALARS 
1119-receipt.jpg,** PURCHASE * Panda Express #2614 Brooklyn NY (718)246-3898 12/22/2017 4:58:01 PM Order: 196812 -TO GO- Server: Cheryfia M 1 Plate CHOW MEIN-1/2 CHOW MEIN-1/2 BROCCOLI BEEF BEIJING BEEF 9.10 1 Plate CHOW MEIN-1/2 CHOW MEIN-1/2 CKN EGG ROLL KUNG PAO CKN 1 XTRA ENTREE GRILL TERIYAKI CKN 1 XTRA ENTREE GRILL TERIY AKI CKN 1 PEPSI 20 UZ 1 PEPSI 20 OZ 9.10 1.50 1.50 2.00 2.00 SubTotal TAX 25.20 2.24 Total 27.44 Visa 27.44 Acct:XXXXXXXX0103 AuthCode:02776A ******** **** FREE ENTREE ITEM! 
1120-receipt.jpg,RED & HOT II 349 7 AVE. (CORNER OF 10ST.) BROOKLYN NY 11215 TEL:(718)369-2577 TEL:(718)309-8897 Dine In Date: 10-20-2018 Time: 12:37PM # 18 Server: WAITERI TAB#: C2 No. of Guest: 1 1 Vegetable Roll Egg Roll 0.00 2 L35.Sesame chicken 13.90 1 W/R 1 FR 1 (L)Veg Spare Ribs .BBS W/R 7.65 Amount : 21.55 TAX(8.875%): 1.91 TOTAL : 23.46 Thank you very much. 
1121-receipt.jpg,器 Of PORTUGAL HEART Heart of Portugal Restaurant 241 Mineola Blvd Mineola NY 11501 516-742-9797 Server: oscar d Check #11 09/10/17 3:28 PM Table D2 Traditional Pork & Clams 1 Osso Buco Sp House Wines Half Pitcher $20.95 $28.95 $16.00 Subtotal Тax Total $65.90 $5.68 $71.58 Thanks for Dining with Us! See you soon!!! 
1122-receipt.jpg,El Meson Mexican Restaurant 794 South Perry St Unit EF CASTLE ROCK co 80104 (720) 733-9705 Server: IGOR Station: 33 Order #: 18533 Table: A1 Dine In Guests: 2 1 SOPA DE TORTILA BOWL 1 TACO SALAD 5.50 9.50 CHKN 1 HOUSE MARGARITA JUMBO 1 Dr Pepper 1 SIDE CHEESE 1 HOUSE MARGARITA JUMBO 12.50 2.65 1.55 12.50 SUB TOTAL: Tax 1: 44.20 3.50 TOTAL: $47.70 
1123-receipt.jpg,El Gato Negro 300 Harrison Ave New Orleans LA 70124 Phone: (504) 488-0107 1128 Daniel P Tbl 90/1 Gst 1 Chk 4650 Aug23' 19 12:07PM *** Memo Check *** Dine In Seat:1 1 Fajita Vegetable 1 Taco Shrimp Fresh Catch 3 12.00 7.75 *DON'T MAKE* 1 Water Food Tax Total 0.00 19.75 2.01 21.76 
1124-receipt.jpg,FIREFLY IGAN ISTR Firefly American Bistro 5525 New Albany Road West New Albany OH 43054 Server: Harry M Check #140 12/28/18 7:54 PM Table 24 $8.00 $9.00 $2.95 $17.95 Malbec Trivento Blood Orange Marg Cup Italian Wedding Soup Spaghetti Marinara Add One Meatball Add Two Meatball Fettuccine Alfredo Add Steak $23.95 Small Wedge Salad (Dinner) Creme Brulee Baileys $4.95 $4.00 $7.00 Subtotal Tax Total $77.80 $5.84 $83.64 Come See Us Again! 
1125-receipt.jpg,Place Your Card Here CHATPATA RESTAURANT INC 1683 ROUTE 9 CLIFTON PARK NY 12065 5182801190 Cashier: Kamal 19-Mar-2019 5:28:12P $11.95 $1.95 $3.95 1 6.5 Chicken Korma 10.1 Naan (Plain Naan 13.1 Kheer 1 1. $17.85 $1.25 Subtotal Tax $19.10 Total Online: https://clover.com/r/KQ23F4T9N8T6T Order KQ23F4T986T 
1126-receipt.jpg,SAGE FRENCH CAFE & WINE BAR 0121a Table 3 #Party 2 CHANDA R SvrCk: 8 1:56p 06/02/15 2 SAUV BLANC JB 1 VEGGIE SANDWICH 1 QUICHE LORAINE 18.00 11.00 12.00 41.00 OPEN $DISCOUNT *Discount*: 11.00 1.80 Sub Total: 31.80 7.38 39.18 Sub Total: Tax GRATUITY 18 06/02 2:44PTOTAL: ************** **** THANK YOU! PLEASE COME AGAIN! WINE TASTING 1ST TUESDAY WE TAKE RESERVATONS CALL US AT 954-565-2299 WWW.SAGECAFE.NET 
1127-receipt.jpg,e2erlanug enilno ixen 1UOV 91om 10 0S PIZZA HUT DINE IN YJAG HZAD Ticket #00100 of 93HTO MIW to Item Count: 3 TABAO MATEMI of 30AHD 6 #GUEST 2 8:30 PM e Mlidipisalun oleteanwo mes. turiassigllat.www fiziv lg 2MMweuoiVIA9 ENTERED BY MAURICE 030835 TABLE 56 10/25/2018 ww Fobnelbnate omatee ol ombos loieges ns zoneplo 01 1 $FiveLU 12.49 Hand toss Cheese Pepperoni beoh ws of bipa $FivelU t st Bone OUT GarlcParm PiTcher DosEquis nitw blin ol apl tos noilaup p naa 7.69 02 1 13.50 03 1 COUPON (F6) Subtotal Service Fee SALES TAX Balance Due 10.18 23.50 0.94 2.32 26.76 SEE BACK OF RECEIPT FOR AN OFFER SEE BACK OF RECEIPT FOR AN OFFER 
1128-receipt.jpg,KAAVERAS MEXICAN CUISINE & BAR KALAVERAS - BELLFLOWER 16530 BELLFLOWER BLVD BELLFLOWER CA 90706 5624610599 http://www.kalaveras.com/ ORDER: Bar B11 Cashier: BAR PM 30-Aug-2019 3:24:10P Classic Michelada Classic Michelada Don Julio Anejo Classic Michelada Balam Madurado 1 $12.00 $12.00 $15.00 $12.00 $12.00 1 1 $63.00 $5.99 Subtotal Tax Total $68.99 Thank you for your visit! 83V4QQC31PPMT Order 83V4QQC31PPMT 
1129-receipt.jpg,HIRO JAPANESE RESTAURANT 3007 NE 163RD STREET North Miami Beach FL 33160 (305) 948-3687 Server: HUGO Station: 2 Order #: 209744 Table: 12 Dine In Guests: 2 1 (L)Ton Katsu 1 (L) Makimono 8.95 6.95 SUB TOTAL: 15.90 Таx 1: 1.28 TOTAL: $17.18 >> Ticket #: 20 << 2/13/2018 1:09:45 PM THANK YOU! 
1130-receipt.jpg,BOA (310) 278-2050 0051a TABLE 308 #Party 1 BAR L SvrCk: 13 13:22 12/20/17 Separate checks: 1-of-3 1 CRAB CAKE 1 SKIRT STK LUNCH 15.00 28.00 Sub Total: 43.00 Tax: 4.09 Sub Total: 47.09 47.09 12/20 14:29 TOTAL: SUGGESTED GRATUITY 18% 20% 8.48 9.42 ard 
1131-receipt.jpg,CHRIS 'S HAMBURGERS 3950 E SLAUSON MAYWOOD CA 90270 PHONE 323-588-1607 MC #01 REG CASHIER 11-24-2017 12:13 PM 000072 MISC B CHZ B SPC no pickles F FRIES - LRG CRISPY CRISPY F FRIES LRG CRISPY PREM MED DRINK horchata CHZ BURGER SPEC rio onions EAT-IN TAXABLE SALES TAX TL CASH CG $0.01 $8.80 $3.66 $3.66 $2.15 $7.57 $25.85 $2.46 $28.31 $40.00 $11.69 ORDER # 0o00000052 PLEASE HELP US SERVE YOU BETTER SERVICE WAS VERY GOOD [ ] [ ] [ ] 0OD POOR 
1132-receipt.jpg,VIA EMILIA 9 1120 15TH ST MIAMI BEACH FL 33139 7862167150 ORDER: Table 11 Cashier: V. 27-Apr-2017 6:21:59P 1 Tagliatella al Ragu' 1 Cappellacci Di Zucca 1 $14.90 $18.90 $22.90 Stufato Al Latte Di Ravenna $56.70 $5.10 Subtotal Тах Total $61.80 Order QGVRTH3NM28YC Show us your review on TripAdvisor or Yelp and you'll get a free qlass of wine! 
1133-receipt.jpg,MOONSTAR RESTAURANT 383 GELLERT BLVD. DALY CITY CA 94015 650-992-2888 Tab 424 1P 18:08 # 2184 PRICE 149.40 -0.50 -14.94 NAME U/P QTY 5 FRI-SUN DINNER $29.88 29.88 50%OFF BIRTHDAY 134.46 12.11 SUBTOTAL: Tax(9%): TOTAL: 146.57 Tip Guide: 18%: + 20%: + 15%: + 20.17= 24.20= 26.89= 173.46 166.74 170.77 
1134-receipt.jpg,KFC Restaurant #C160014 3880 Hempstead Turnpike Levittown (516)735-3508 Ticket #2884 2016-07-08 9:16 PM C160014 2 117 2884 Cashier: TIANA Family Fill Up Lrg Coleslaw Lrg Mash/ Gvy Lrg Mash Only 4 Biscuit 20.00 Tax DRIVE THRU 1.73 $21.73 ETender Credit Change $21.73 $0.00 CHARGE DETAIL:SALE Card 
1135-receipt.jpg,E. BALDI 375 North Canon Drive Beverly Hills CA 90210 TUE JANUARY 302018 37 CHECK #278470-1 TABLE #6 $4.50 1 ICED TEA 1 ROMBO CARCIOFI FUNGH $48.00 1 SPARKLING WATER LARG 1 BRANZINO GRIGLIATO 1 CARPACCIO RED SNAPPE $33.00 $8.50 $40.00 FOOD SUB-TOTAL : $134.00 $134.00 TAX TOTAL $12.73 $146.73 Time: 14:22 2 CUSTOMERS 
1136-receipt.jpg,The Shawarma Factory Apr 10 2019 12:34 PM 14817 S. Western Ave Gardena CA 90249 Vince Ticket: #29 Visa 7286 Authorization 173245 Receipt 03WE VISA DEBIT AID AO 00 00 00 03 10 10 FOR HERE Flame Broiled Chicken $11.99 1/2 Chicken Hummus House Salad Subtotal $11.99 Sales Tax $1.14 Total $13.13 命イス17 
1137-receipt.jpg,Maui Teriyaki 27000 Marine Ave #103 Redondo Beach CA 90278 (310) 973-3500 Server: Annie Station: 1 Order #: 168479 Customer Name: Guests: 1 Phone Order LEANNE » SETTLED « 1 Salmon Plate 1 Extra Shrimp 11.49 1.45 SUB TOTAL: Tax 1: 12.94 1.23 TOTAL: $14.17 Cash Tendered: 20.00 CHANGE: -5.83 » Ticket : 7 «« Created: 10/25/2017 11:14:30 AM SETTLED: 10/25/2017 11:28:31 AM THANK YOU! 
1138-receipt.jpg,CASA CHAN RESTAURANT 445 Palm Ave Hialeah FL 33010 (305) 640-8828 Find us on instagram Ocasa_chan_restaurant Facebook Casa Chan Restaurant ORDER: 9 Dine In Cashier: Diana z 21-Dec-2014 5:23:42P #12 Wonton or Egg Drop or Mixed Dinner $375 Wonton Soup $0.00 #01 Egg Roll # 23 Juice Chinesse Chop Suey Honduran Style Dinner Tropical 2 @ $2.50/12 oz Tamal De Pollo 1@ $3.50/each 2 $3.00 $8.99 $5.00 $3.50 Subtotal $24.24 $1.70 Tax Total $25.94 Order DMHGRRF9JPM70 Bring back this receipt for 10% off your next visit! :) Online: https://clover.com/r/ DMHGRRF9JPM70 
1139-receipt.jpg,sS PARADISE Andhra Style Famlily Restaurant Vidyaranyapura BANGALORE-560097 Contact: 9148436557/58 BILL GST-29ADDFS0740B12G Bill No. Bill Time 22:06 Table No.P 00027 Bill Date 06.07.2017 Persons 01 Wtr. No. SD RateQty 179 Item Name Amount 1.00 1.00 1.00 .79ב 209.00 229.00 TANDOORI CHICKEN 209 229 MUTTON RAGON JOSH FISH BIRIYANI 617.00 617.00 Total T. Grand Total Rs. 617.00 -WO 
1140-receipt.jpg,SHAKE SHACK 1450 S. Dixfe Highway Host: Nelson 12 8:06 PM 30143 ShackBurger Smoke Shack cheese fries REG Soda (2 @2.75) (2)REG Rootbeer REG Iced Tea 5.19 6.69 3.95 5.50 2.25 Subtotal Тax 23.58 1.89 To Stay Total 25.47 25.47 Visa #XXXXXXXXXXXX9197 Auth:130960 We Tweet. You Tweet. We All Tweet. @ShakeShack Check Closed --- 
1141-receipt.jpg,F* YAUATCHA Yauatcha 110578007 Kakin CHK 1867 TBL 84/1 84 GST 3 Restaurant 1 Tender Branch Hibiscus 1 Seafood Puff 1 Sesame Prawn Toast 1 Beancurd Prawn Cheung Fun 10.80 1 XO Scallop Dumpling 1 Poached Beijing Dumpling 1 Spinach Dumpling 1 Tea Smoked Pork Ribs 8.00 10.80 11.80 8.80 5.80 6.80 22.00 Subtotal Tax Total Due $84.80 $3.82 $88.62 International Market Place 2330 Kalakaua Ave Ste 326 Honolulu Hawaii 96815 Reservations@YauatchaWaikiki.com Phone: 808-739-9318 **GRATUITY NOT INCLUDED** For vo convenience Jul e are 
1142-receipt.jpg,Blue Bear Tavern 216 S 11th Street (215)922-3427 www.bluebeartavern.com Check #: 00225 Date: 01/13/2012 10:16 PM Check # 00225 Stat fon: Pos3 Guests: 1 Server: Andrew 1 Crimini 1 Salami 1 011ves 1 Lrg Clams\mussels 4 Reg Ketel One 1 House Cab 3.00 3.00 3.00 14.00 52.00 6.00 Sub Total 81.00 Philly Liquor Tax 0.60 Philly Pa Sales Tax 1.84 TOTAL 83.44 
1143-receipt.jpg,"Arthurs 237 Washington Hoboken NJ 07030 (201) 656-5009 1058 Alexandr Gst 3 TAB/62 Oct01'17 01:44PM Chk 1844 Bar 1 Arthur's Burger *ChsBleu 1 ""Our"" Burger **Avocado 1 Loaded Nachos 1 Pint Boston Lager 2 Pint Yeungling 1 Kona Longboard 1 Quesadilla 13.95 15.95 12.95 6.00 12.00 6.00 13.95 food 1iquor Tax 02:29PM Total Due 56.80 24.00 3.98 84.78 20% added to parties 8 or more Thank You for Dining with Us! Private Rooms Available for Your Next Party! "
1144-receipt.jpg,CHLOE81 81 Ludlow St New York NY 10002 Tel 212 677-0067 Check Name: HWANGHYUN Server: Bar Date: 08/03/18 Table: Guests: 1 -[Seat 1] 2 HOUSE VODKA 1 HOUSE TEQUILA $24.00 $12.00 Subtotal: Tax:: Sub w/Tax: Gratuity: Amt Due: $36.00 $3.19 $39.19 $7.20 $46.40 Visa EMV $46.40 Thank You chloe81.com 
1145-receipt.jpg,MIGUELS MEXICAN 3035 W. KENNEDY BLVD TAMPA  FL. (813) 876 - 2587 127 MISSY Tbl 82/1 Chk 55 Dec26'12 04:41PM Gst 3 3 WATER 1 CRAB SUIZA 1 SHRIMP VERACRUZ 1 ENCHILADA 1 FAJITA BF 1 **TAKE OUT** 4 HH MIGUELS MARGARIT @ 3.38 13.52 0.00 13.25 14.95 4.95 13.95 0.25 Subtotal Tax 05:19PM Total 60.87 4.27 65.14 PLEASE PAY YOUR SERVER 
1146-receipt.jpg,Rihanna's Caribbean Restaurant 12709 BEECHNUT ST STE100 HOUSTON TX 77072 8328902382 ORDER: 12 Cashier: LeeLee 12-Aug-2018 3:01:40P 1 Curry Chicken 1 Beef Pattie $10.00 $2.25 $12.25 $1.01 Subtotal Таx $13.26 Total Order SVGER6OHM41AEER 
1147-receipt.jpg,NEW DELHI INDIAN RESTAURANT # 237E Sisiwath Quay Phnom Penth Cambodia Tel: 0969591422 Email: uonly8lehotmail.com INVOICE Ticket No:1740 Table No: 5 Date:24-Nov-16 Time:9:12 PM I TEMS QTY PRICE TOTAL 1 3.00 3.00 1 2.50 2.50 1 2.00 2.00 1 4.50 4.50 1 0.50 0.50 1 0.50 0.50 House Wine White Glass VEGETABLE SHORBA GARLIC NAAN KARI PAKORA ANGKOR BEER WITH MEAL ANGKOR BEER WITH MEAL Total: $ 13.00 *** * Thank you for dining with us! * We Have Free Home Delivery! * 
1148-receipt.jpg,Sonic America's Drive-In 518 Robertson Boulevard Walterboro SC 29488 843-782-4565 Stall #15 96 JORDEN St1 15/1 Chk 699 Jun22' 18 07:59PM Tray: 8 Stall **** Ind 1 *** 1 Combo Chz Burger Add Mayo Add Must Add Ket Med Fries Med Dr Pepper 1 Prem Dog Combo NY Dog Med Tots Med Coffee Tax 1.19 Total Due: ***** All *** 6.79 5.09 13.07 Subtotal: Tax 08:00PM Total Due: 11.88 1.19 13.07 You Saved... 1.86 How was your visit? 
1149-receipt.jpg,Dine In Denny's Restaurant #8129 160 Eastern Boulevard Cananda igua NY 14424 (585) 394-4880 11:00:11 PM 8/30/2015 Order: 429742 Table: 12 Guests: 2 1 No Beverage 1 No Beverage 1 Milk Shake Shake Choc Server: Bethany F 0.00 0.00 3.99 SubTotal Tax Gratuity 3.99 0.30 1.00 Total 5.29 
1150-receipt.jpg,HMS HOST ESQUIRE GRILLE SACRANENTO INTL AIRPORT 147079 Jodt 126/1 GST 2 2144 APRO4 16 5:09PM DINE IN **** SEAT 1 **** 1 DB MOODFRD RES 2 17.99 NEAT 1 CAB PEJU SAUV S Peju Cabernet Sauvignon 1 SAND GRLD CHIX 11.00 14.50 So CHOP SLD N/ DRS BLUE CHS DRESS ON SIDE 1 SLO SHRIMP LOUIE 24.00 W/ DRESS ON SIDE 1SD BRUSSEL SPRTS 7.00 TAX 5.96 AMOUNT D B0.45 車本*本本*年 年 *: SUBTOTAL TAX AMOUNT DUE $80.45 74.49 5.96 WE WANT TO HEAR YOUR FEEDBACK! PLEASE CONTACT 1-877-672-7467 OR CUSTOMERSERVICE@HNSHOST.COM TO SHARE YOUR EXPERIENCE. STOREID: SMEEGE01 
1151-receipt.jpg,Collector's Choice Restaurant 215 Cypress Ave Snohomish WA 98290 360-568-1277 April 10 2019 12:00pm Ticket: 1904100085 Server: Cheryl V Seat: Dining:T8:1 Item Price 1 Twisted Rueben 11.69T Subtotal 11.69 --0.70T 1 Service Fee (-6%) Sales Tax (9. 2%) 1.14 Total $13.53 Tip Helper: 15%=2.03 18%=2 44 20%=2.71 Starting January 25th 2019 CCR includes a 6% service charge on each guest check. This service charge is fully retained by the company not the servers. It will be used 100% to provide fair wages for our kitchen staff with equitable pay and benefits to our entire team. We are required by law to collect tax on the service charge. Please Continue Tipping your Servers. Thank you for your continuing support. Receive a 3% Discount for paying with cash. 
1152-receipt.jpg,KALOOKI'S b-2 03/14/2015 8:12 PM O cts 5300 Dine in Denise %2: Item Unit Price Chicken fingers 8.00 8.00 Spicy Shrimp 20.00 20.00 Steamed Fish Lg 25.00 25.00 2 Bottled Water 2.00 4.00 Subtotal 57.00 Service Charge 10% 5.70 Total $ 62.70 Thank You Kalooki's Bay Road Blue Hills 01649 Providenciales 6493323388 
1153-receipt.jpg,Gordon Ramsay Steak Paris Las Vegas 19:41 10/21/2014 Gordon Ramsay Steak Check: 2042367 Table: T-35 Server: Lomberto Guests: 2 Terminal: 42 Regular 1 Pimn's Cup 2 The Drifter @ 14.00 1 Kobe Beef Slider 18.00 1 New York 1 Amer Kobe Filet 79.00 1 Lobster Tail 1 Potato Puree 1 Grlld Asparagus 1 Peppercorn 1 Pepsi 1 Choc Pot De Crem 13.00 14.00 28.00 63.00 38.00 12.00 13.00 6.00 6.00 Subtotal Tax Total 290.00 23.49 313.49 
1154-receipt.jpg,Via Mar Restaurant 4105 Maine Ave Baldwin park CA 91706 (626) 939-9019 Server: Isabel Station: 10 Order #: 320502 Table: 16 Dine In Guests: 2 6 TAP BEER 10-HH Modelo Tap. 2 Manzanita Sol 1 Tamarindo 1 Sprite 1 Thur. 2 Cock Shrimp 2 Whole Fish Tilapia Whl Fried 1 2 tcs Governador > plan fries 1 French Fries 1 Taco DE Asada > plainpapas 9.54 5.50 2.75 2.75 11.95 21.90 7.75 2.50 2.25 SUB TOTAL: Tax 1: Tax 2: 66.89 6.35 0.00 AMOUNT DUE: $73.24 Gratuity: Total: 9/6/2018 ******** ****** PL EASELLI Pay your server 
1155-receipt.jpg,Marco Plerre White Steakhouse & Gr111 Dawson Street VAT: 6573338P Tel:01 6771155 marcopterrewhite te/Dawson 40006 Charlte Tbl 15/1 Station 1 Chk 1501 Gst 2 16Feb' 19 21:31 1 Boz F1l Bearn 1 8oz Fil Au Po 1 Onion Ring 1 Haricots Vert 1 Choc Truf Cake 35.95 35.95 4.95 4.95 8.95 39.00 1 Lunta 22:57 Balance Due 129.75 Thank you for your custom. Please call again Visit us online at marcopierrewhite.te/dawson 
1156-receipt.jpg,IKEA IKEA FOOD IKEA MILTON KEYNES 185 VAT: GB 527773320 Address4 Qty Name Price Total £ Meatbal is 10 1 Fish & Chips Adult 1 Petit Pain - white 1 Wine rose 1 Wine red 3.80 4.95 0.50 3.80 4.95 0.50 2.80 2.80 2.80 2.80 Net SubTotal : 12.37 Tax: 20%VAT 2.48 Total to Pay: 14.85 Recei ved: VISA 14.85 Visa Credi t ***** 9529 ****** Start: O6/04/2016 11:21 Cashier: 1890 
1157-receipt.jpg,COLLEGE OF SOUTHERN NEVADA RUSSELL'S RESTAURANT 108 SERV 7 Tbl 55/1 Chk 4488 Gst Oct08'14 12:10OPM 1 LATTE * NO FLAVOR 1 SALMON 1.75 7.95 12:44PM Amount Due 9.70 COLLEGE OF SOUTHERN NEVADA WHERE HOSPITALITY EDUCATION TAKES LIFE PLEASE PAY CASHIER Thank You 
1158-receipt.jpg,MITASU JAPANESE RESTAURANT SDN BHD B-01CENTRAL PLAZA 34 JALAN SULTAN ISMAIL 50250 KUALA LUMPUR TEL 03-2110 2833 (GST Reg. No : 001774428160) Tax Invoice Table D2 Bill#:V001-201060 Date : 29-06-2018 19:59:15 Cashier: AARON Odr No: 199535 Pax(s): 11 Qty Description Total TAX 11 (28.01) Adult D 709.50 SR 709.50 70.95 Subtotal: Serv. Charge (10X): GST Payable (0%): Total: TOTAL: 0.00 780.45 780.45 29-06-2018 21:52:03 Closed: 001 Server: AARON VISA ************3042 - LIM CHAI JA 780.45 
1159-receipt.jpg,Taco Time - Kenmore (425) 486-4472 6733 NE 181TH ST KENMORE WA 98028 DT>248 04/24/2018 Host: Cashier: DT>248 7:08 PM 30126 Order Type: Drive Thru SFT TACO BF 5.99 Subtotal Tax 5.99 0.60 Drive Thru Total 6.59 CASH $10.00 Change $3.41 Thank you. Please come again! 
1160-receipt.jpg,Ange lo's Pizza Restaurant 12247 Sheridan St Cooper Cityb FL 33026 (954) 893-2000 Server: Melina Station: 2 Order #: 4876 Table: 1 Dine In Guests: 4 1 Sprite 1 Chicken Caesar Salad 1 Chefs Special > Chefs Special Soup of Day 2.55 8.95 19.95 Bar Subtotal: Food Subtotal: Tax 1: 0.00 31.45 1.89 TOTAL: $33.34 » Ticket #: 56 « 7/10/2017 9:32:06 PM THANK YOU! EELES 
1161-receipt.jpg,Dominican Restaurant 1019 Front St. 516-292-5700 Party of 2 Ticket Guest Check Table Employee: EUFEMIA 06:38 PM Seat 1 >> 1 Bistec Palomi1la Enc W/Moro Gandules Hab Rojas Red Bean Dine in Spaghetti Con Pollo W/Moro Gandules Hab Rojas . Red Bean Dine in Copa Vino White Glass Pinot Gr Lemonada Dine in Jugo de Chinola Dine in 16oz Gratuity. 11 12005 SERVERS Date 11/10/18 15.95 14.95 5.50 3.50 1 4.00 6.59 1 Sub Total Sales Tax 50.49 2.74 Check Total $ 53.23 Additional Tip Total Charge: 15% tip is 7.57 18% tip is 9.09 20% tip is 10.10 22% tip is 11.11 Thank you for Coming Gracias por su Visita 
1162-receipt.jpg,Juniper & Ivy 2228 Kettner Blvd San Diego CA 92101 1045 SAGE D Gst 4 Chk 4530 Oct06'16 07:08PM Tbl 71/1 Dine In 1 BUCATINI 1 RAVIOLO 1 BT TURNBULL NAPA 1 HALIBUT 1 YODEL 1 MILK & HONEY 1 COFFEE SM 1 GL ROUND POND SB 1 OCTOPUS 1 BEEF TARTARE 1 FINLANDIA (WELL) $MARTINI 1 HALIBUT 1 SNAPPER 17.00 18.00 90.00 38.00 12.00 10.00 6.00 13.00 16.00 12.00 11.00 38.00 28.00 Subtotal Tax 09:19PM Total 309.00 24.72 333.72 
1163-receipt.jpg,BEN'S BAYSIDE 211-37 26th Avenue Bayside NY 11360 Phone: (718)229-2367 Email: Bayside@BensDeli.net 0032 Table 45 #Party 3 JESSICA M SvrCk: 1 12:05 03/05/17 DINING ROOM 2 DOUBLE DIP 1 tky bowl barley 1 past bowl barley 1 KNISH 1 ROUND 1 KASHE SIDE 1 COFFEE 2 WATER 27.98 0.00 3.99 3.99 1.99 0.00 Sub Total: 37.95 : 3.37 03/05 12:41 TOTAL: 41.32 Tax Suggested Gratuity GRAT 15% 5.69 GRAT 18% 6 83 
1164-receipt.jpg,the Golden Spear Cafe East Hampton NY (631) 329-1600 Fax (631) 329-1648 www.goldenpearcafe.com Date: Card Type: Visa Acct #: Aug06'15 11:01AM XXXXXXXXXXXX1779 Exp Date: XX/XX Auth Code: 08316C 9391 Check: Check ID: CHIND Server: 5 Karina Subtotal: 22.70 Tip Total Signature I agree to pay above total according to my card issuer agreement. Customer Copy 
1165-receipt.jpg,EL CHICO MEXICAN RESTAURANT JBR TEL : 04-7059680 1050 Home Del Tbl 1014/1 Chk 1958 Nov12' 16 05:41PM Gst 0 Home De livry 1 Ts Guac 1 Grande Chicken Buritto 48.00 64.00 1 Delivery Charge 5.00 Amount Due 117.00 ***Thank You For Coming*** Home Delivery No:600561112 
1166-receipt.jpg,PAPPADEAUX SEAFOOD KITCHEN Pappadeaux Seafood Kitchen (612) 7800 Airport Blvd (HOU) Houston Tx 77061 (713) 847-7622 0089 Table 7 #Party 2 DANIEL O SvrCk: 7 12:46 01/07/17 DINE IN 1 Side Craw Etouffee 4oz 1 Pan Seared Tilapia 2 Tea 10.98 21.99 5.98 Sub Total: 38.95 Таx: 3.21 42.16 42.16 Sub Total: 01/07 13:29 TOTAL: Thank you for dining at Pappadeaux! Tip Not Included 15% 18% 20% 6.32 7.59 8.43 
1167-receipt.jpg,hauk Casa Rublo Cafe 25-17 Astoria Blvd Astoria. NY 11102 keby 21 2019 6:58 PM (929) 329-0030 Ticket: T1 FOR HERE Grilled Skirt Steak $28.00 Well done Fountain Sodas $3.00 Subtotal Sale Tax $31.00 $2.75 Total $33.75 
1168-receipt.jpg,CARL'S JR Restaurant 1100580 11961 Beach Blvd. Stanton CA 90680 (714)895-5114 iveffislavg12:13:06 PM 9/27/2017 Order 375719 sia aCashier: Alvaro I 1 Box #1 1 All Star Meal #1 Dbl ChbgrAHETO heT 0.00 Hot Dog Baked Cookie Lg Fries Lg Bev Bar 0.00 1.00 0.00 0.00 3.00 3.00 SubTotal Tax 7.00 0.61 Total 7.61 Cash Change 8.00 0.39 To Go Thank you for visiting! Ticket #45 Items in bag(s): 4 
1169-receipt.jpg,Delmonico's Itoljan Stoakhouse 1553 CENTRAL AVE. ALBANY. NY 12205 (518) 456-5656 Server: Sarah Table 57/1 Guests 1 08/22/2015 9:24 PM #70056 No Bev (2 0. 00) Muzzarella Fritta Delmonico Steak 0.00 7.99 24. 99 2.99 3. 99 2.99 Asparagus Baked Potato Decaf Coffee - Unlimited 6. Items Subtotal Tax 42. 95 3.44 Total 46. 39 Balance Due 46. 39 Gratuity Not Included ind Gratui 
1170-receipt.jpg,Again. Buca di Bepp0 Store#0511 Universal City CA 91608 818.509.9463 Server: Molly Table 53/1 Guests: 3 Order Type: Dining 07/15/2016 7:57 PM 40020 Reason #66 There's a Iced Tea Sm Garlic Bread 9oz Buca Chianti (2 @14.00) G1 Buca Chianti Sm Chop Antipasto Salad Lg Supremo Pizza 3.29 9.99 28.00 10.00 18.99 29.99 Pele Peason #23 with **************************************** We value your opinion. Visit bucafeedback.com to complete a brief survey and enter our weekly drawing for a chance to win a $100 digital prOmotional certificate. See bucadibeppo.com/buca-feedback-rules for Official Rules and restrictions. the day Song u didn't drc of school 091 257 000 051 115 ! Pasta! esh for you! -i-nar-a... Subtotal Tax 100.26 9.02 too! ucaaa... 109.28 Total say 109.28 day Balance Due 
1171-receipt.jpg,POP TATES KORUM HALL ANDHERI WEST KORUM MALL 4TH FLOOR HANGAL PANDEY RD. OFF EASTERN EXPRESS THANE (M) 400606 TEL : 022 66737988 ORDER NO : Ko0024585 BILL NO BATE AND TIME PAX TABLE BO0006266 09/12/2012 6:14 PM6 52 CASHIER :CASHIER WAITER :WAITER @ty Henu Item Amount 2 FRENCH FRIES 1 OPEN FOOD 1.00 HANESH 190.00 60.00 60.00 SAUS 1 PANEER TIKKA 248.00 Total 498.00 SERVICE TAX @ 4.94% 24.60 Grand Total 523.00 VAT NO : 27840289613V ****THANK YOU & VISIT AGAIN *** 
1172-receipt.jpg,El Valle Mexican Restaurant 305 W. John St. Matthews NC 28105 (704) 845-1417 le Server: GEOVANNY Stat ion: 10 Order #: 403593 Table: 9 Dine In Guests: 1 1 GUACAMOLE DIP 1 DIET COKE 1 LUNCH FAJITAS 1 TORTILLAS (3) 1 SOUR CREAM 3.99 2.15 7.75 1.25 1.25 SUB TOTAL: Tax 1: 16.39 1.36 TOTAL: $17.75 » Ticket t: 7 « 12/2/2017 11:48:28 AM THÀNK YOU! 
1173-receipt.jpg,600 E Grand Ave Lalo's Mexican at Navy Pier Q#1 Serv: Claudia Table 64142 8/24/2017 5:29 PM ============== a= Quan Descript ========ニニニニニニ=== 1 Bottled Water 1 Add Pollo Taco Trans #: # Cust:1 Cost ====== == $2.45 $4.95 $4.95 $1.25 $1.25 1 Add Carnitas Taco 1 Sour Cream 1 Chihuahua Cheese Net Total: IL Sales MPEA Tax Restaurant $14.85 $1.52 $0.15 $0.04 TOTAL: $16.56 Food: $12.40 Beverage: $2.45 EMVUS $16.56 A Robinson Hill Company It's The ExpeRHience That Counts! Tell us about your visit! Www.robinsonhillusa.com/guest-survey 
1174-receipt.jpg,Brazilian Steak House 2023 South Pine Avenue Ocala Florida 34471 (352) 622-1741 Date: 04/13/18 Time: 09:16 pm Order #: 415 Server: Kyle118 Guest: 1 Table #: 12 Name: DINING 1 DINNER RODIZIO $41.95 Sub-total: Gratuity: Tax: Total: $41.95 $10.49 $2.94 $55.38 Pay This Amount: Recommended Gratuity: 20% = $8.39 23% = $9.65 25% = $10.49 %3D Thank You Please Come Again 
1175-receipt.jpg,Bar Louie Huntsville 365 The Bridge St.Suite1 Huntsville AL 35806 Server: 07/03/2015 Cashier: 143/2 Guests: 1 Reprint #: 1 4:42 PM 20111 Whiskey 6.25 Subtotal Tax 6.25 1.31 Total 7.56 10.00 2.44 CASH Change Thank you for visiting us! Ask us about hosting your party or private event at Bar Louie Huntsville! Eat Drink Be Happy! huntsville@barlouieamerica.com Check Closed 
1176-receipt.jpg,HEDLEYS 640 N ROBERTSON BLVD WEST HOLLYWOOD CA 90069 310-659-2009 Terminal ID: 01528251 3430 6/5/17 2:52 PM CREDIT SALE UID: 715615506682 BATCH #: 554 REF #: 9395 AUTH #: 065231 AMOUNT $41.45 TIP $. TOTAL APPROVED TC - C0347EEBBF 2C362B CUSTOMER COPY 
1177-receipt.jpg,El Charro Cafe Ventana 6910 E SUNRISE DR Server: Ana Table 24/1 Guests: 2 06/24/2018 8:00 PM #30076 Coors Light Ice Tea Shrimp Fajita Stuffed Chicken 5.00 3.25 18.95 17.95 Subtotal Tax 45.15 2.75 Total 47.90 Balance Due 47.90 EAT FOR FREE!!! 
1178-receipt.jpg,Gourdough's Publtc House 2700 South Lamar Blvd Austin TX 78704 Phone: (512) 912-9070 3008 BAR PM B Chk 7862 Jan21'17 08:56P Gst 1 1 FREEBIRD 1 ICE CREAM 1 LONESTAR 5.50 2.00 3.50 ORIGINAL TTL TAX 09:38PM TOTAL 11.00 0.91 11.91 Follow us @gourdoughspub on Facebook or Twitter for the latest and greatest specials! 
1179-receipt.jpg,Server: Receipt FourthStreetMill 2124 BONITA AVENUE LA VERNE CA 91750 Subto (909) 596-1564 Sales Dine In Total Server: Chris D. Sep 29 2018 5:38 PM Receipt: 4J33 Table: P5 Am Tip Item(s) To Lamb Burger $13.00 - NO Goat Cheese C - NO Bread V - Medium - Sauce On Side Kids Grilled Cheese $5.00 Kids Fries $3.00 Sweet Potato Fries $8.00 Kids Cheeseburger $7.00 - NO Ketchup - No bun Sub sourdough Beef Burger $10.00 - Medium Rare Sides $3.50 - Bacon (2) Slices Subtotal $49.50 Sales Tax (Incl.9.5%) $4.70 Total $54.20 
1180-receipt.jpg,and spinach. Served with a 10.95 pmatoes and Onions Served with a Mexican saled 13.95 10.95 eie BBQ Sauce to tilla and grilled. S CNE EYE d your choice of B LizZYS chos (912)341-8897 to and tarta 555 BAR Z Get 0 Chk 4427 3 COR Aug30'14 01:20PM ch stuffed in our vCilantro Lime 1 Chips y Salsa 1 Red Bull 1 Soft Drink Cash 4.95 3.50 2.79 12.03 cajun seasoning h fries or rice &b Subtotal Tax Total Paid 11.24 0.79 12.03 ime Pie Car 0.79 State Tax -555 Check Closed- -Aug30' 14 01:47PM- 
1181-receipt.jpg,DEL FRISCO'S #8620 1221 Avenue of the Americas New York New York 10020 1075 Rebekkah UES Tbl 240/1 Gst 5 Chk 1061 Apr07' 16 07:53PM en if Dine In 4 Strip 16oz 1 Ribeye Bone In 1 Cauliflower 1 Baked Potato 1 Asparagus 1 Onion Rings 1 Sauteed Spinach 3 VOSS Sparkling 6 Coke Btl 212.00 69.50 16.50 10.50 15.50 14.50 16.00 25.50 24.00 SUBTOTAL TAX 09:14PM TOTAL DUE 404.00 35.86 439.86 THANK YOU FOR VISITING 
1182-receipt.jpg,************** Finnegan's Way Check 822819 1344 Ocean Drive Miami Beach Florida 33139 Tel. 305-672-7747 08/21/17 8:38 PM Table 15 Cust 1 Waiter 58 IRYNA P ** **** ********* 4 SOBE MOJITO'S BACARDI LIGHT 40.00 Taxable: 40.00 Sub-total: Sales Tax 7%: Resort Tax 2%: 40.00 2.80 0.80 43.60 Voluntary 18% Tip: 7.20 Please feel free to adjust or remove the tip amount at your discretion Total: Total 50.80 
1183-receipt.jpg,JALISCO 244 Highuay 290 W. Elgin TX 78621 512-285-3940 or 512-285-3950 Check 94 NOEMI Guests 1 Jable 6 5/19/2019 11:38 AM 0.00 8.99 Water Caldo de Camaron Subtotal Sales Tax Processing Fee 8.99 0.74 0.27 TOTAL 10.00 BALANCE DUE 10.00 Processing fee will be removed if the check is paid in cash. THANK VOU FOR CHOOSING US** 
1184-receipt.jpg,*** 0193 Table 54 #Party 2 WILLIAM L SvrCk: 10 8:07p 03/22/13 DINING ROOM T5 MAIN DINING 1 BEEFEATER-MARTINI 1 ROSEMARY CAIPIRINHA 1 CRABCAKES 1 BLACK PEPPER BACON 1 Millenium 2# 1 NY SIRLOIN 1 BRUSSEL SPROUTS A1 ESPRESSO 1 LAUREN'S HAZELNUT TORTE 11.50 13.00 17.00 12.00 52.00 46.00 13.00 4.50 9.00 Sub Total: 178.00 : 15.35 Tax Sub Total: 193.35 03/22 9:53PTOTAL: 193.35 
1185-receipt.jpg,JT's Diner 37011 Cook Street (760) 797-2100 Server: Braulio 102/1 Guests: 2 02/12/2016 10:28 AM 50022 5.90 Coffee (2 @2.95) Two Eggs Any Style Whole-Wheat Pancakes Hawaiian Sausage 6.95 8.95 4.50 Subtotal Tax 26.30 2.10 Total 28.40 Balance Due 28.40 Thank You 
1186-receipt.jpg,Primo Family Restaurant 5/3/19 8:14 PM DARNIN D. Table: 10 Check:137 3 Prem Glass @7.50 1 MED Veggie 427.00 $22.50 $27.00 Sub-Total Sales Tax $49.50 $2.97 Total $52.47 Paynents MASTERCARD ***6170 $52.47 Amount Due $0.00 Charge Receipt DARWIN D. 10 Server: Table No: 
1187-receipt.jpg,Spiral Diner & Bakery 608 E Hickory St Denton TX 76205 Order# 185736 Eat In Order Server: Sarah A Table: 9 Date: 6/16/19 10:04 AM Real Smooth Short Stack Coffee Breakfast Quesadilla NO Sausage Grilled Spinach Southern Comfort $7.99 $8.59 $2.99 $13.99 +$0.00 +$1.99 $10.99 Subtotal: Total Tax: $46.54 $3.84 HappyCow Total: $50.38 Order Balance due: $50.38 WWw.spiraldiner.com Follow Us On facebook.com/spiraldiner instagram.com/spiraldiner Thanks for your business! L LITL 
1188-receipt.jpg,New China 1130 North Higley Rd Suite#7-102 Mesa AZ 85205 Tel 14801218-9888/9892' Walk In Dule: 03-12-2016 Time: 4:02PM # 23 Server: BOSS 1 Beef w. Broccoli w. Chicken Fried Rice 1 Sweet / Sour Chicken 1 Chicken Chow Mein 8.25 2.00 7.95 6.75 Amount : 24.95 TAX(8.05%) : 2.01 TOTAL : 26.96 Thank you very much. 
1189-receipt.jpg,MIGUEL S MEXICAN 3035 N. KENNEDY BLVD TAMPA FL. (813) 876 - 2587 187 MEGAN F ------ Tbl 42/1 Chk 3923 Ju105'17 05:53PM Gst 2 DINE IN 2 MATER 1 ENCH VERDE 1 ENCH MANUEL 0.00 12.50 12.80 Subtotal 25.30 1.78 Tax 06:11PM Total 27.08 PLEASE PAY YOUR SERVER THANK YOU FOR CHOOSING MIGUELS CAFE --Tear Here---- Emp: MEGAN F Table: 42 Check#: 3 Date: 7-5-17 
1190-receipt.jpg,EX ullut s sters-l / Supul BOMBAY GRILL HOUSE Indian Cuisine Bombay Grill House 764 9TH AVE NEW YORK NY 10019 2129771010 Any Special Offer will be at End of Receipt ORDER: Table 2 Dine In 30-Jun-2018 10:36:38P Transaction 104379 1 Onion Bhajia $5.95 $14.95 medium 1. Lamb Vindaloo Konkan Fish Curry $16.95 medium Shrimp Briyani $16.95 medium $4.00 $50.00 1 Garlic Naan 1. Hess Cabernet Subtotal Tax $108.80 $9.66 Total $118.46 CREDIT CARD AUTH MASTERCARD 0148 $118.46 35.54 Tip Total 154.00 EDWIN ALEXANDER 
1191-receipt.jpg,MOD Pizza 26902 92nd Ave NW Suite A Stanwood WA 98292 Phone 360.205.9680 4:06:54 PM 5/19/2019 Order Id: AABT4HN6ACCM # 77 - HERE Draft Beer (2 @ 4.97) Fountain Drink (16oz) MOD Pizza Mini MOD $9.94 $2.17 $8.67 $6.67 $27.45 Sub Total Sales Tax Order Total $2.53 $29.98 $29.98 $3.59 Visa Tip: Card#: ***********3352 19160 
1192-receipt.jpg,STANFORD'g 17300 SOUTHCENTER PARKMAY TUKMILA MA S8188 208.575.7454 28120 Janel1 M Tbl 127/1 Chk 3885 Sep30 17 07:38PH Gst 3 ! CHEC TEND AP 1 RIBS 1/2 ST 1 BRG DELUKE K TIMING 9.95 18.95 14.95 9.95- SUBTOTAL 33.90 TAX TOTAL DUE 3.39 37.29 HAPPY HOUR MONDAY TO SATURDAY 3 pm to 6 pm and 9 pm to close SUNDAY HAPPY HOUR ALL DAY Join our EAT DRINK & EARN Club to earn revards while dining at any Restaurants Unlinited restaurant Ask your server for details or join online at: www.ru-1.com/rovards TRIKAN 
1193-receipt.jpg,Marie Callender's Restaurant Store #0134 2131 Price St. Pismo Beach CA 93449 (805) 773-0606 www.mcpies.com 111590 Becky Tbl 2/1 Chk 1878 Nov30'14 06:35PM Gst 2 1 **CORNBREAD SVC 2 TRIO- POT PIE O 9.99 2 C- PIE SLICE 1 NO BEVERAGE i SOFT DRINK BDAY CLUB $5 0.00 19.98 0.00 0.00 2.79 5.00- 17.77 Subtotal Таx 07:10PM Total 1.42 19.19 Indulge.. Take home a whole pie! 
1194-receipt.jpg,Bar Rua 32 Clarendon Street Table #52O Transt: 241805 Serv: Sinon 17/08/2018 07:40:2a PH Cust:4 Quan Description Cost 2 GLS CARRIG LAGER 1 MINGS SMALL 1 FRESH COD 1 SHELLFISH POT 1 FISH CAKES 1 PORTION BREAD LARGE 6.60 9.00 18.00 22.50 7.50 1.50 TOTAL: 65.10 Facebook : BAR RUA Twitter : @BARRUADUB REVIEW / TRIPADVISOR <-REPRINTED-> 
1195-receipt.jpg,Amici Conyers 1805 Parker RD Suite G110 1805 Parker RD (678) 890-2005 Server: Nicole Table 52/1 Guests: 2 06/10/2018 1:02 PM 30004 Seat 1 ****************** ******* Coke Margherita Calzcne Side Caesar 2.29 11.99 4.99 19.27 1.35 SURA Subtctal Tax Total 20.62 Seat 2 *** Coke Dbl Stack Cheeseburger 2.29 8.99 0.99 12.27 Bacon Subtctal 0.86 13.13 Tax Tctal Subtotal 31.54 Tax 2.21 Total 33.75 Balance Due 33.75 Thank you for dining with us! SUGGESTED GRATUITY: 
1196-receipt.jpg,*** T0 GO * ** NAME: CHARES CHECK# 71128.1 Closed to Credit Card DATE/TIME: 12/31/2018 6:06:02 PM SERVER: Taj STATION: 01 So happy about your visit! Item Count: 8 1 TIKKA MASALA $20.00 CHICKEN (MURGH) 1 PALAK (SPINACH) PANEER (CHEESE) 1 VEGAN BENGAN BHARTA* $18.00 $17.00 Subtotal Tax Total before tip: $55.00 $3.30 $58.30 Tip amount: %3D 
1197-receipt.jpg,BAR RISTORANTE STABILIMENTO MARINO E TERMALE SAN HONTANO S.R.L. VIA S. HONTAN0 - LACCO AMENO (NA) PARTITA IUA 00200430635 EURO 2 X 0.50 Vassoi e Stoviglie 2 X 5.00 Macedonia Insalata Negombo Bufala Pomodor ini Nat 1/2 lt 1.00 10.00 10.00 8.00 4.00 1.00 TOTALE € 3400 CONTANTE REG. 001 OPER. 1 28-08-2018 12:41 SCONTRINO FISCALE N. 52 IF TU 45400311 
1198-receipt.jpg,STK Mlani Be ach Collins Ave Miani FL 33140 100 SERVER 1959 GST 103/1 2 25AUG'17 8:03PM Dining 1 Avion S1lver RX margarita rx 1 1 Staub 1 Avion Silver RX margarita rx 1 DA Delmontco 14 1 Truffle Fries 1 Mac/Cheese 1 Asparagus 1 BAKED COOKIE SUBTOTAL Add-On Tax Food Add-On Tax Bev Resort Tax TOTAL DUE $154.78 16.00 0.00 16.00 62.00 13.00 12.00 13.00 10.00 142.00 7.70 2.24 2.84 For your convenience suggested gratuities are shown below 18X gratuity $25.56 20% gratuity $28.40 22X gratuity $31.24 
1199-receipt.jpg,Nona 9255 Mest Sunset Blvd Mest Hollywood CA 90069 Tel. 310-270-4455 05/21/12 9:33 PM Sarah 12 1 Tartare di Tonno 1 Linguine Scampt 1 Branz ino 1 Pizza Amer icana 1 Carrot Cake 1 G1 Sangiovese 1 GI Merlot 1 Misc Food 17.00 2. 20.00 28.00 14.00 12.00 12.00 13.00 2.00 2 Taxable: 118.00 Sub-total: Taxes: 118.00 10.33 Total Due: 128.33 
